Time,Driver,DriverNumber,LapTime,LapNumber,Stint,PitOutTime,PitInTime,Sector1Time,Sector2Time,Sector3Time,Sector1SessionTime,Sector2SessionTime,Sector3SessionTime,SpeedI1,SpeedI2,SpeedFL,SpeedST,IsPersonalBest,Compound,TyreLife,FreshTyre,Team,LapStartTime,LapStartDate,TrackStatus,Position,Deleted,DeletedReason,FastF1Generated,IsAccurate
0 days 01:20:52.098000,NOR,1,NaT,1.0,1.0,NaT,NaT,NaT,0 days 00:00:46.485000,0 days 00:00:31.998000,NaT,0 days 01:20:20.292000,0 days 01:20:52.233000,273.0,254.0,231.0,203.0,False,INTERMEDIATE,1.0,True,McLaren,0 days 01:18:55.812000,,12,6.0,,,False,False
0 days 01:23:20.289000,NOR,1,0 days 00:02:28.191000,2.0,1.0,NaT,0 days 01:23:14.533000,0 days 00:00:34.783000,0 days 00:01:05.627000,0 days 00:00:47.781000,0 days 01:21:26.925000,0 days 01:22:32.552000,0 days 01:23:20.333000,127.0,225.0,,218.0,False,INTERMEDIATE,2.0,True,McLaren,0 days 01:20:52.098000,,24,5.0,,,False,False
0 days 01:25:59.869000,NOR,1,NaT,3.0,2.0,0 days 01:23:32.938000,0 days 01:25:52.847000,0 days 00:00:46.833000,0 days 00:01:03.293000,0 days 00:00:49.358000,0 days 01:24:07.381000,0 days 01:25:10.555000,0 days 01:26:00,221.0,201.0,,218.0,False,INTERMEDIATE,3.0,False,McLaren,0 days 01:23:20.289000,,4,5.0,,,False,False
0 days 01:28:44.050000,NOR,1,NaT,4.0,3.0,0 days 01:26:12.901000,0 days 01:28:37.931000,0 days 00:00:50.006000,0 days 00:01:01.407000,0 days 00:00:52.671000,0 days 01:26:50.102000,0 days 01:27:51.470000,0 days 01:28:44.094000,156.0,164.0,,218.0,False,INTERMEDIATE,4.0,False,McLaren,0 days 01:25:59.869000,,4,5.0,,,False,False
0 days 01:31:21.837000,NOR,1,NaT,5.0,4.0,0 days 01:29:02.472000,NaT,0 days 00:00:56.584000,0 days 00:01:02,0 days 00:00:39.246000,0 days 01:29:40.685000,0 days 01:30:42.710000,0 days 01:31:21.881000,233.0,205.0,115.0,218.0,False,INTERMEDIATE,5.0,False,McLaren,0 days 01:28:44.050000,,4,5.0,,,False,False
0 days 01:33:55.156000,NOR,1,NaT,6.0,4.0,NaT,NaT,0 days 00:00:42.721000,0 days 00:00:59.217000,0 days 00:00:51.478000,0 days 01:32:04.612000,0 days 01:33:03.871000,0 days 01:33:55.200000,224.0,225.0,239.0,242.0,False,INTERMEDIATE,6.0,False,McLaren,0 days 01:31:21.837000,,41,5.0,,,False,False
0 days 01:35:43.486000,NOR,1,0 days 00:01:48.330000,7.0,4.0,NaT,NaT,0 days 00:00:33.026000,0 days 00:00:44.617000,0 days 00:00:30.687000,0 days 01:34:28.226000,0 days 01:35:12.843000,0 days 01:35:43.530000,275.0,259.0,236.0,268.0,True,INTERMEDIATE,7.0,False,McLaren,0 days 01:33:55.156000,,12,5.0,,,False,True
0 days 01:37:30.788000,NOR,1,0 days 00:01:47.302000,8.0,4.0,NaT,NaT,0 days 00:00:32.139000,0 days 00:00:44.307000,0 days 00:00:30.856000,0 days 01:36:15.669000,0 days 01:36:59.976000,0 days 01:37:30.832000,277.0,263.0,235.0,273.0,True,INTERMEDIATE,8.0,False,McLaren,0 days 01:35:43.486000,,1,5.0,,,False,True
0 days 01:39:18.552000,NOR,1,0 days 00:01:47.764000,9.0,4.0,NaT,NaT,0 days 00:00:32.302000,0 days 00:00:44.524000,0 days 00:00:30.938000,0 days 01:38:03.134000,0 days 01:38:47.658000,0 days 01:39:18.596000,270.0,262.0,238.0,273.0,False,INTERMEDIATE,9.0,False,McLaren,0 days 01:37:30.788000,,1,5.0,,,False,True
0 days 01:41:05.933000,NOR,1,0 days 00:01:47.381000,10.0,4.0,NaT,NaT,0 days 00:00:32.256000,0 days 00:00:44.501000,0 days 00:00:30.624000,0 days 01:39:50.852000,0 days 01:40:35.353000,0 days 01:41:05.977000,273.0,263.0,236.0,276.0,False,INTERMEDIATE,10.0,False,McLaren,0 days 01:39:18.552000,,1,5.0,,,False,True
0 days 01:42:53.341000,NOR,1,0 days 00:01:47.408000,11.0,4.0,NaT,NaT,0 days 00:00:32.260000,0 days 00:00:44.667000,0 days 00:00:30.481000,0 days 01:41:38.237000,0 days 01:42:22.904000,0 days 01:42:53.385000,273.0,257.0,235.0,275.0,False,INTERMEDIATE,11.0,False,McLaren,0 days 01:41:05.933000,,1,5.0,,,False,True
0 days 01:44:41.171000,NOR,1,0 days 00:01:47.830000,12.0,4.0,NaT,NaT,0 days 00:00:32.490000,0 days 00:00:44.560000,0 days 00:00:30.780000,0 days 01:43:25.875000,0 days 01:44:10.435000,0 days 01:44:41.215000,273.0,258.0,234.0,271.0,False,INTERMEDIATE,12.0,False,McLaren,0 days 01:42:53.341000,,1,5.0,,,False,True
0 days 01:46:28.902000,NOR,1,0 days 00:01:47.731000,13.0,4.0,NaT,NaT,0 days 00:00:32.423000,0 days 00:00:44.694000,0 days 00:00:30.614000,0 days 01:45:13.638000,0 days 01:45:58.332000,0 days 01:46:28.946000,274.0,256.0,233.0,267.0,False,INTERMEDIATE,13.0,False,McLaren,0 days 01:44:41.171000,,1,5.0,,,False,True
0 days 01:48:16.248000,NOR,1,0 days 00:01:47.346000,14.0,4.0,NaT,NaT,0 days 00:00:32.421000,0 days 00:00:44.289000,0 days 00:00:30.636000,0 days 01:47:01.367000,0 days 01:47:45.656000,0 days 01:48:16.292000,271.0,258.0,237.0,267.0,False,INTERMEDIATE,14.0,False,McLaren,0 days 01:46:28.902000,,1,5.0,,,False,True
0 days 01:50:03.140000,NOR,1,0 days 00:01:46.892000,15.0,4.0,NaT,NaT,0 days 00:00:32.394000,0 days 00:00:44.040000,0 days 00:00:30.458000,0 days 01:48:48.686000,0 days 01:49:32.726000,0 days 01:50:03.184000,273.0,258.0,231.0,275.0,True,INTERMEDIATE,15.0,False,McLaren,0 days 01:48:16.248000,,1,5.0,,,False,True
0 days 01:51:50.042000,NOR,1,0 days 00:01:46.902000,16.0,4.0,NaT,NaT,0 days 00:00:32.530000,0 days 00:00:44.157000,0 days 00:00:30.215000,0 days 01:50:35.714000,0 days 01:51:19.871000,0 days 01:51:50.086000,275.0,258.0,238.0,266.0,False,INTERMEDIATE,16.0,False,McLaren,0 days 01:50:03.140000,,1,5.0,,,False,True
0 days 01:53:36.953000,NOR,1,0 days 00:01:46.911000,17.0,4.0,NaT,NaT,0 days 00:00:32.351000,0 days 00:00:44.317000,0 days 00:00:30.243000,0 days 01:52:22.437000,0 days 01:53:06.754000,0 days 01:53:36.997000,277.0,258.0,238.0,269.0,False,INTERMEDIATE,17.0,False,McLaren,0 days 01:51:50.042000,,1,5.0,,,False,True
0 days 01:55:24.528000,NOR,1,0 days 00:01:47.575000,18.0,4.0,NaT,NaT,0 days 00:00:32.765000,0 days 00:00:44.356000,0 days 00:00:30.454000,0 days 01:54:09.762000,0 days 01:54:54.118000,0 days 01:55:24.572000,275.0,260.0,235.0,276.0,False,INTERMEDIATE,18.0,False,McLaren,0 days 01:53:36.953000,,1,5.0,,,False,True
0 days 01:57:12.210000,NOR,1,0 days 00:01:47.682000,19.0,4.0,NaT,NaT,0 days 00:00:32.968000,0 days 00:00:44.493000,0 days 00:00:30.221000,0 days 01:55:57.540000,0 days 01:56:42.033000,0 days 01:57:12.254000,273.0,261.0,238.0,273.0,False,INTERMEDIATE,19.0,False,McLaren,0 days 01:55:24.528000,,1,5.0,,,False,True
0 days 01:59:12.439000,NOR,1,0 days 00:02:00.229000,20.0,4.0,NaT,NaT,0 days 00:00:46.400000,0 days 00:00:44.228000,0 days 00:00:29.601000,0 days 01:57:58.654000,0 days 01:58:42.882000,0 days 01:59:12.483000,262.0,255.0,239.0,276.0,False,INTERMEDIATE,20.0,False,McLaren,0 days 01:57:12.210000,,12,8.0,,,False,True
0 days 01:20:54.454000,GAS,10,NaT,1.0,1.0,NaT,NaT,NaT,0 days 00:00:47.117000,0 days 00:00:32.439000,NaT,0 days 01:20:22.152000,0 days 01:20:54.551000,252.0,255.0,236.0,206.0,False,INTERMEDIATE,1.0,True,Alpine,0 days 01:18:55.812000,,12,9.0,,,False,False
0 days 01:23:26.437000,GAS,10,NaT,2.0,1.0,NaT,0 days 01:23:19.900000,0 days 00:00:38.404000,0 days 00:01:03.478000,0 days 00:00:50.069000,0 days 01:21:33.072000,0 days 01:22:36.578000,0 days 01:23:26.534000,94.0,162.0,,225.0,False,INTERMEDIATE,2.0,True,Alpine,0 days 01:20:54.454000,,24,8.0,,,False,False
0 days 01:26:04.657000,GAS,10,NaT,3.0,2.0,0 days 01:23:38.910000,0 days 01:25:57.524000,0 days 00:00:47.158000,0 days 00:01:01.242000,0 days 00:00:49.819000,0 days 01:24:13.693000,0 days 01:25:15.031000,0 days 01:26:04.758000,252.0,212.0,,225.0,False,INTERMEDIATE,3.0,False,Alpine,0 days 01:23:26.437000,,4,8.0,,,False,False
0 days 01:28:48.487000,GAS,10,NaT,4.0,3.0,0 days 01:26:17.710000,0 days 01:28:42.439000,0 days 00:00:49.601000,0 days 00:01:03.330000,0 days 00:00:50.859000,0 days 01:26:54.470000,0 days 01:27:57.725000,0 days 01:28:48.591000,236.0,118.0,,225.0,False,INTERMEDIATE,4.0,False,Alpine,0 days 01:26:04.657000,,4,8.0,,,False,False
0 days 01:31:25.415000,GAS,10,NaT,5.0,4.0,0 days 01:29:08.371000,NaT,0 days 00:00:57.623000,0 days 00:01:01.465000,0 days 00:00:37.817000,0 days 01:29:46.254000,0 days 01:30:47.695000,0 days 01:31:25.592000,250.0,142.0,138.0,225.0,False,INTERMEDIATE,5.0,False,Alpine,0 days 01:28:48.487000,,4,8.0,,,False,False
0 days 01:33:56.467000,GAS,10,NaT,6.0,4.0,NaT,NaT,0 days 00:00:42.339000,0 days 00:01:01.095000,0 days 00:00:47.702000,0 days 01:32:07.878000,0 days 01:33:08.902000,0 days 01:33:56.809000,214.0,214.0,231.0,221.0,False,INTERMEDIATE,6.0,False,Alpine,0 days 01:31:25.415000,,41,8.0,,,False,False
0 days 01:35:46.794000,GAS,10,0 days 00:01:50.327000,7.0,4.0,NaT,NaT,0 days 00:00:33.660000,0 days 00:00:45.596000,0 days 00:00:31.071000,0 days 01:34:30.224000,0 days 01:35:15.820000,0 days 01:35:46.891000,269.0,254.0,239.0,275.0,True,INTERMEDIATE,7.0,False,Alpine,0 days 01:33:56.467000,,12,9.0,,,False,True
0 days 01:37:36.987000,GAS,10,0 days 00:01:50.193000,8.0,4.0,NaT,NaT,0 days 00:00:33.363000,0 days 00:00:45.575000,0 days 00:00:31.255000,0 days 01:36:20.254000,0 days 01:37:05.829000,0 days 01:37:37.084000,264.0,255.0,220.0,267.0,True,INTERMEDIATE,8.0,False,Alpine,0 days 01:35:46.794000,,1,9.0,,,False,True
0 days 01:39:28.428000,GAS,10,0 days 00:01:51.441000,9.0,4.0,NaT,NaT,0 days 00:00:35.007000,0 days 00:00:45.545000,0 days 00:00:30.889000,0 days 01:38:12.091000,0 days 01:38:57.636000,0 days 01:39:28.525000,261.0,244.0,232.0,254.0,False,INTERMEDIATE,9.0,False,Alpine,0 days 01:37:36.987000,,1,11.0,,,False,True
0 days 01:41:16.920000,GAS,10,0 days 00:01:48.492000,10.0,4.0,NaT,NaT,0 days 00:00:33.026000,0 days 00:00:44.756000,0 days 00:00:30.710000,0 days 01:40:01.551000,0 days 01:40:46.307000,0 days 01:41:17.017000,263.0,246.0,234.0,260.0,True,INTERMEDIATE,10.0,False,Alpine,0 days 01:39:28.428000,,1,11.0,,,False,True
0 days 01:43:05.915000,GAS,10,0 days 00:01:48.995000,11.0,4.0,NaT,NaT,0 days 00:00:33.125000,0 days 00:00:45.322000,0 days 00:00:30.548000,0 days 01:41:50.142000,0 days 01:42:35.464000,0 days 01:43:06.012000,261.0,245.0,234.0,260.0,False,INTERMEDIATE,11.0,False,Alpine,0 days 01:41:16.920000,,1,11.0,,,False,True
0 days 01:44:54.004000,GAS,10,0 days 00:01:48.089000,12.0,4.0,NaT,NaT,0 days 00:00:32.258000,0 days 00:00:45.102000,0 days 00:00:30.729000,0 days 01:43:38.270000,0 days 01:44:23.372000,0 days 01:44:54.101000,270.0,253.0,228.0,277.0,True,INTERMEDIATE,12.0,False,Alpine,0 days 01:43:05.915000,,1,11.0,,,False,True
0 days 01:46:41.780000,GAS,10,0 days 00:01:47.776000,13.0,4.0,NaT,NaT,0 days 00:00:32.575000,0 days 00:00:44.889000,0 days 00:00:30.312000,0 days 01:45:26.676000,0 days 01:46:11.565000,0 days 01:46:41.877000,270.0,255.0,228.0,258.0,True,INTERMEDIATE,13.0,False,Alpine,0 days 01:44:54.004000,,1,11.0,,,False,True
0 days 01:48:30.057000,GAS,10,0 days 00:01:48.277000,14.0,4.0,NaT,NaT,0 days 00:00:32.582000,0 days 00:00:44.716000,0 days 00:00:30.979000,0 days 01:47:14.459000,0 days 01:47:59.175000,0 days 01:48:30.154000,272.0,255.0,218.0,258.0,False,INTERMEDIATE,14.0,False,Alpine,0 days 01:46:41.780000,,1,11.0,,,False,True
0 days 01:50:18.242000,GAS,10,0 days 00:01:48.185000,15.0,4.0,NaT,NaT,0 days 00:00:32.616000,0 days 00:00:44.886000,0 days 00:00:30.683000,0 days 01:49:02.770000,0 days 01:49:47.656000,0 days 01:50:18.339000,272.0,253.0,228.0,264.0,False,INTERMEDIATE,15.0,False,Alpine,0 days 01:48:30.057000,,1,11.0,,,False,True
0 days 01:52:06.553000,GAS,10,0 days 00:01:48.311000,16.0,4.0,NaT,NaT,0 days 00:00:32.779000,0 days 00:00:44.774000,0 days 00:00:30.758000,0 days 01:50:51.118000,0 days 01:51:35.892000,0 days 01:52:06.650000,272.0,254.0,231.0,258.0,False,INTERMEDIATE,16.0,False,Alpine,0 days 01:50:18.242000,,1,11.0,,,False,True
0 days 01:53:55.149000,GAS,10,0 days 00:01:48.596000,17.0,4.0,NaT,NaT,0 days 00:00:32.964000,0 days 00:00:44.953000,0 days 00:00:30.679000,0 days 01:52:39.614000,0 days 01:53:24.567000,0 days 01:53:55.246000,272.0,254.0,234.0,262.0,False,INTERMEDIATE,17.0,False,Alpine,0 days 01:52:06.553000,,1,11.0,,,False,True
0 days 01:55:43.258000,GAS,10,0 days 00:01:48.109000,18.0,4.0,NaT,NaT,0 days 00:00:32.806000,0 days 00:00:44.903000,0 days 00:00:30.400000,0 days 01:54:28.052000,0 days 01:55:12.955000,0 days 01:55:43.355000,274.0,255.0,233.0,264.0,False,INTERMEDIATE,18.0,False,Alpine,0 days 01:53:55.149000,,1,11.0,,,False,True
0 days 01:57:31.616000,GAS,10,0 days 00:01:48.358000,19.0,4.0,NaT,NaT,0 days 00:00:32.803000,0 days 00:00:45.129000,0 days 00:00:30.426000,0 days 01:56:16.158000,0 days 01:57:01.287000,0 days 01:57:31.713000,271.0,254.0,232.0,263.0,False,INTERMEDIATE,19.0,False,Alpine,0 days 01:55:43.258000,,1,11.0,,,False,True
0 days 01:59:20.387000,GAS,10,0 days 00:01:48.771000,20.0,4.0,NaT,NaT,0 days 00:00:33.844000,0 days 00:00:44.750000,0 days 00:00:30.177000,0 days 01:58:05.557000,0 days 01:58:50.307000,0 days 01:59:20.484000,271.0,257.0,233.0,260.0,False,INTERMEDIATE,20.0,False,Alpine,0 days 01:57:31.616000,,12,9.0,,,False,True
0 days 01:22:29.714000,PER,11,NaT,1.0,1.0,NaT,0 days 01:22:23.954000,NaT,0 days 00:00:49.475000,NaT,NaT,0 days 01:20:28.507000,NaT,223.0,250.0,,191.0,False,INTERMEDIATE,1.0,True,Cadillac,0 days 01:18:55.812000,,124,21.0,,,False,False
0 days 01:20:52.605000,ANT,12,NaT,1.0,1.0,NaT,NaT,NaT,0 days 00:00:46.813000,0 days 00:00:31.882000,NaT,0 days 01:20:20.957000,0 days 01:20:52.736000,267.0,263.0,232.0,207.0,False,INTERMEDIATE,1.0,True,Mercedes,0 days 01:18:55.812000,,12,7.0,,,False,False
0 days 01:23:21.359000,ANT,12,0 days 00:02:28.754000,2.0,1.0,NaT,0 days 01:23:15.439000,0 days 00:00:35.263000,0 days 00:01:05.672000,0 days 00:00:47.819000,0 days 01:21:27.942000,0 days 01:22:33.614000,0 days 01:23:21.433000,119.0,206.0,,217.0,False,INTERMEDIATE,2.0,True,Mercedes,0 days 01:20:52.605000,,24,6.0,,,False,False
0 days 01:26:00.847000,ANT,12,NaT,3.0,2.0,0 days 01:23:33.939000,0 days 01:25:53.948000,0 days 00:00:46.940000,0 days 00:01:02.734000,0 days 00:00:49.738000,0 days 01:24:08.553000,0 days 01:25:11.183000,0 days 01:26:00.954000,220.0,208.0,,217.0,False,INTERMEDIATE,3.0,False,Mercedes,0 days 01:23:21.359000,,4,6.0,,,False,False
0 days 01:28:45.151000,ANT,12,NaT,4.0,3.0,0 days 01:26:13.735000,0 days 01:28:39.031000,0 days 00:00:49.790000,0 days 00:01:02.655000,0 days 00:00:51.817000,0 days 01:26:50.790000,0 days 01:27:53.442000,0 days 01:28:45.225000,172.0,118.0,,217.0,False,INTERMEDIATE,4.0,False,Mercedes,0 days 01:26:00.847000,,4,6.0,,,False,False
0 days 01:31:22.483000,ANT,12,NaT,5.0,4.0,0 days 01:29:04.425000,NaT,0 days 00:00:56.639000,0 days 00:01:02.330000,0 days 00:00:38.468000,0 days 01:29:41.876000,0 days 01:30:44.089000,0 days 01:31:22.771000,143.0,164.0,116.0,217.0,False,INTERMEDIATE,5.0,False,Mercedes,0 days 01:28:45.151000,,4,6.0,,,False,False
0 days 01:33:55.727000,ANT,12,NaT,6.0,4.0,NaT,NaT,0 days 00:00:42.916000,0 days 00:00:59.971000,0 days 00:00:50.349000,0 days 01:32:05.612000,0 days 01:33:05.542000,0 days 01:33:56.012000,237.0,231.0,231.0,238.0,False,INTERMEDIATE,6.0,False,Mercedes,0 days 01:31:22.483000,,41,6.0,,,False,False
0 days 01:35:44.325000,ANT,12,0 days 00:01:48.598000,7.0,4.0,NaT,NaT,0 days 00:00:32.683000,0 days 00:00:45.128000,0 days 00:00:30.787000,0 days 01:34:28.484000,0 days 01:35:13.612000,0 days 01:35:44.399000,268.0,263.0,238.0,266.0,True,INTERMEDIATE,7.0,False,Mercedes,0 days 01:33:55.727000,,12,6.0,,,False,True
0 days 01:37:31.809000,ANT,12,0 days 00:01:47.484000,8.0,4.0,NaT,NaT,0 days 00:00:31.957000,0 days 00:00:44.786000,0 days 00:00:30.741000,0 days 01:36:16.356000,0 days 01:37:01.142000,0 days 01:37:31.883000,279.0,263.0,238.0,274.0,True,INTERMEDIATE,8.0,False,Mercedes,0 days 01:35:44.325000,,1,6.0,,,False,True
0 days 01:39:20.017000,ANT,12,0 days 00:01:48.208000,9.0,4.0,NaT,NaT,0 days 00:00:32.312000,0 days 00:00:45.103000,0 days 00:00:30.793000,0 days 01:38:04.195000,0 days 01:38:49.298000,0 days 01:39:20.091000,269.0,263.0,239.0,274.0,False,INTERMEDIATE,9.0,False,Mercedes,0 days 01:37:31.809000,,1,6.0,,,False,True
0 days 01:41:07.846000,ANT,12,0 days 00:01:47.829000,10.0,4.0,NaT,NaT,0 days 00:00:32.182000,0 days 00:00:45.137000,0 days 00:00:30.510000,0 days 01:39:52.273000,0 days 01:40:37.410000,0 days 01:41:07.920000,265.0,262.0,238.0,276.0,False,INTERMEDIATE,10.0,False,Mercedes,0 days 01:39:20.017000,,1,6.0,,,False,True
0 days 01:42:55.647000,ANT,12,0 days 00:01:47.801000,11.0,4.0,NaT,NaT,0 days 00:00:32.340000,0 days 00:00:44.934000,0 days 00:00:30.527000,0 days 01:41:40.260000,0 days 01:42:25.194000,0 days 01:42:55.721000,268.0,263.0,241.0,275.0,False,INTERMEDIATE,11.0,False,Mercedes,0 days 01:41:07.846000,,1,6.0,,,False,True
0 days 01:44:42.813000,ANT,12,0 days 00:01:47.166000,12.0,4.0,NaT,NaT,0 days 00:00:32.095000,0 days 00:00:44.774000,0 days 00:00:30.297000,0 days 01:43:27.816000,0 days 01:44:12.590000,0 days 01:44:42.887000,267.0,262.0,240.0,275.0,True,INTERMEDIATE,12.0,False,Mercedes,0 days 01:42:55.647000,,1,6.0,,,False,True
0 days 01:46:29.941000,ANT,12,0 days 00:01:47.128000,13.0,4.0,NaT,NaT,0 days 00:00:32.073000,0 days 00:00:44.681000,0 days 00:00:30.374000,0 days 01:45:14.960000,0 days 01:45:59.641000,0 days 01:46:30.015000,265.0,263.0,237.0,276.0,True,INTERMEDIATE,13.0,False,Mercedes,0 days 01:44:42.813000,,1,6.0,,,False,True
0 days 01:48:17.264000,ANT,12,0 days 00:01:47.323000,14.0,4.0,NaT,NaT,0 days 00:00:32.324000,0 days 00:00:44.613000,0 days 00:00:30.386000,0 days 01:47:02.339000,0 days 01:47:46.952000,0 days 01:48:17.338000,265.0,264.0,240.0,275.0,False,INTERMEDIATE,14.0,False,Mercedes,0 days 01:46:29.941000,,1,6.0,,,False,True
0 days 01:50:04.254000,ANT,12,0 days 00:01:46.990000,15.0,4.0,NaT,NaT,0 days 00:00:32.257000,0 days 00:00:44.348000,0 days 00:00:30.385000,0 days 01:48:49.595000,0 days 01:49:33.943000,0 days 01:50:04.328000,266.0,262.0,237.0,271.0,True,INTERMEDIATE,15.0,False,Mercedes,0 days 01:48:17.264000,,1,6.0,,,False,True
0 days 01:51:51.213000,ANT,12,0 days 00:01:46.959000,16.0,4.0,NaT,NaT,0 days 00:00:32.575000,0 days 00:00:44.141000,0 days 00:00:30.243000,0 days 01:50:36.903000,0 days 01:51:21.044000,0 days 01:51:51.287000,266.0,261.0,240.0,262.0,True,INTERMEDIATE,16.0,False,Mercedes,0 days 01:50:04.254000,,1,6.0,,,False,True
0 days 01:53:38.075000,ANT,12,0 days 00:01:46.862000,17.0,4.0,NaT,NaT,0 days 00:00:32.446000,0 days 00:00:44.272000,0 days 00:00:30.144000,0 days 01:52:23.733000,0 days 01:53:08.005000,0 days 01:53:38.149000,266.0,259.0,239.0,270.0,True,INTERMEDIATE,17.0,False,Mercedes,0 days 01:51:51.213000,,1,6.0,,,False,True
0 days 01:55:25.299000,ANT,12,0 days 00:01:47.224000,18.0,4.0,NaT,NaT,0 days 00:00:32.548000,0 days 00:00:44.558000,0 days 00:00:30.118000,0 days 01:54:10.697000,0 days 01:54:55.255000,0 days 01:55:25.373000,263.0,261.0,239.0,274.0,False,INTERMEDIATE,18.0,False,Mercedes,0 days 01:53:38.075000,,1,6.0,,,False,True
0 days 01:57:13.064000,ANT,12,0 days 00:01:47.765000,19.0,4.0,NaT,NaT,0 days 00:00:32.761000,0 days 00:00:44.761000,0 days 00:00:30.243000,0 days 01:55:58.134000,0 days 01:56:42.895000,0 days 01:57:13.138000,268.0,259.0,239.0,271.0,False,INTERMEDIATE,19.0,False,Mercedes,0 days 01:55:25.299000,,1,6.0,,,False,True
0 days 01:59:01.405000,ANT,12,0 days 00:01:48.341000,20.0,4.0,NaT,NaT,0 days 00:00:33.794000,0 days 00:00:44.077000,0 days 00:00:30.470000,0 days 01:57:46.932000,0 days 01:58:31.009000,0 days 01:59:01.479000,266.0,261.0,238.0,274.0,False,INTERMEDIATE,20.0,False,Mercedes,0 days 01:57:13.064000,,12,4.0,,,False,True
0 days 01:20:59.051000,ALO,14,NaT,1.0,1.0,NaT,NaT,NaT,0 days 00:00:49.313000,0 days 00:00:32.973000,NaT,0 days 01:20:26.332000,0 days 01:20:59.136000,244.0,238.0,171.0,210.0,False,INTERMEDIATE,1.0,True,Aston Martin,0 days 01:18:55.812000,,12,16.0,,,False,False
0 days 01:23:38.117000,ALO,14,NaT,2.0,1.0,NaT,0 days 01:23:32.281000,0 days 00:00:46.154000,0 days 00:01:01.475000,0 days 00:00:51.426000,0 days 01:21:45.371000,0 days 01:22:46.797000,0 days 01:23:38.202000,118.0,215.0,,221.0,False,INTERMEDIATE,2.0,True,Aston Martin,0 days 01:20:59.051000,,24,15.0,,,False,False
0 days 01:26:15.450000,ALO,14,NaT,3.0,2.0,0 days 01:23:50.533000,0 days 01:26:09.716000,0 days 00:00:49.823000,0 days 00:00:58.971000,0 days 00:00:48.642000,0 days 01:24:28.176000,0 days 01:25:27.016000,0 days 01:26:15.535000,232.0,63.0,,221.0,False,INTERMEDIATE,3.0,False,Aston Martin,0 days 01:23:38.117000,,4,13.0,,,False,False
0 days 01:28:53.680000,ALO,14,NaT,4.0,3.0,0 days 01:26:27.997000,0 days 01:28:47.919000,0 days 00:00:50.412000,0 days 00:00:57.951000,0 days 00:00:49.842000,0 days 01:27:06.071000,0 days 01:28:04.079000,0 days 01:28:53.765000,261.0,159.0,,221.0,False,INTERMEDIATE,4.0,False,Aston Martin,0 days 01:26:15.450000,,4,12.0,,,False,False
0 days 01:31:31.316000,ALO,14,NaT,5.0,4.0,0 days 01:29:20.163000,NaT,0 days 00:00:59.875000,0 days 00:01:00.475000,0 days 00:00:37.210000,0 days 01:29:53.751000,0 days 01:30:54.335000,0 days 01:31:31.545000,268.0,163.0,217.0,221.0,False,INTERMEDIATE,5.0,False,Aston Martin,0 days 01:28:53.680000,,4,12.0,,,False,False
0 days 01:33:58.283000,ALO,14,0 days 00:02:26.967000,6.0,4.0,NaT,NaT,0 days 00:00:41.358000,0 days 00:01:03.479000,0 days 00:00:42.130000,0 days 01:32:12.759000,0 days 01:33:16.238000,0 days 01:33:58.368000,142.0,191.0,230.0,188.0,True,INTERMEDIATE,6.0,False,Aston Martin,0 days 01:31:31.316000,,41,12.0,,,False,False
0 days 01:35:49.318000,ALO,14,0 days 00:01:51.035000,7.0,4.0,NaT,NaT,0 days 00:00:33.171000,0 days 00:00:46.447000,0 days 00:00:31.417000,0 days 01:34:31.539000,0 days 01:35:17.986000,0 days 01:35:49.403000,247.0,258.0,231.0,266.0,True,INTERMEDIATE,7.0,False,Aston Martin,0 days 01:33:58.283000,,12,12.0,,,False,True
0 days 01:37:39.560000,ALO,14,0 days 00:01:50.242000,8.0,4.0,NaT,NaT,0 days 00:00:32.949000,0 days 00:00:46.180000,0 days 00:00:31.113000,0 days 01:36:22.352000,0 days 01:37:08.532000,0 days 01:37:39.645000,274.0,257.0,229.0,269.0,True,INTERMEDIATE,8.0,False,Aston Martin,0 days 01:35:49.318000,,1,12.0,,,False,True
0 days 01:39:30.468000,ALO,14,0 days 00:01:50.908000,9.0,4.0,NaT,NaT,0 days 00:00:33.252000,0 days 00:00:46.588000,0 days 00:00:31.068000,0 days 01:38:12.897000,0 days 01:38:59.485000,0 days 01:39:30.553000,268.0,252.0,229.0,270.0,False,INTERMEDIATE,9.0,False,Aston Martin,0 days 01:37:39.560000,,1,12.0,,,False,True
0 days 01:41:20.538000,ALO,14,0 days 00:01:50.070000,10.0,4.0,NaT,NaT,0 days 00:00:32.738000,0 days 00:00:46.158000,0 days 00:00:31.174000,0 days 01:40:03.291000,0 days 01:40:49.449000,0 days 01:41:20.623000,268.0,253.0,229.0,269.0,True,INTERMEDIATE,10.0,False,Aston Martin,0 days 01:39:30.468000,,1,12.0,,,False,True
0 days 01:43:09.829000,ALO,14,0 days 00:01:49.291000,11.0,4.0,NaT,NaT,0 days 00:00:32.726000,0 days 00:00:45.824000,0 days 00:00:30.741000,0 days 01:41:53.349000,0 days 01:42:39.173000,0 days 01:43:09.914000,267.0,252.0,231.0,269.0,True,INTERMEDIATE,11.0,False,Aston Martin,0 days 01:41:20.538000,,1,12.0,,,False,True
0 days 01:44:59.049000,ALO,14,0 days 00:01:49.220000,12.0,4.0,NaT,NaT,0 days 00:00:32.680000,0 days 00:00:45.733000,0 days 00:00:30.807000,0 days 01:43:42.594000,0 days 01:44:28.327000,0 days 01:44:59.134000,269.0,252.0,224.0,269.0,True,INTERMEDIATE,12.0,False,Aston Martin,0 days 01:43:09.829000,,1,12.0,,,False,True
0 days 01:46:48.348000,ALO,14,0 days 00:01:49.299000,13.0,4.0,NaT,NaT,0 days 00:00:32.892000,0 days 00:00:45.474000,0 days 00:00:30.933000,0 days 01:45:32.026000,0 days 01:46:17.500000,0 days 01:46:48.433000,265.0,253.0,228.0,269.0,False,INTERMEDIATE,13.0,False,Aston Martin,0 days 01:44:59.049000,,1,12.0,,,False,True
0 days 01:48:37.864000,ALO,14,0 days 00:01:49.516000,14.0,4.0,NaT,NaT,0 days 00:00:32.981000,0 days 00:00:45.504000,0 days 00:00:31.031000,0 days 01:47:21.414000,0 days 01:48:06.918000,0 days 01:48:37.949000,267.0,253.0,227.0,269.0,False,INTERMEDIATE,14.0,False,Aston Martin,0 days 01:46:48.348000,,1,12.0,,,False,True
0 days 01:50:26.792000,ALO,14,0 days 00:01:48.928000,15.0,4.0,NaT,NaT,0 days 00:00:32.982000,0 days 00:00:45.166000,0 days 00:00:30.780000,0 days 01:49:10.931000,0 days 01:49:56.097000,0 days 01:50:26.877000,267.0,252.0,227.0,269.0,True,INTERMEDIATE,15.0,False,Aston Martin,0 days 01:48:37.864000,,1,12.0,,,False,True
0 days 01:52:15.900000,ALO,14,0 days 00:01:49.108000,16.0,4.0,NaT,NaT,0 days 00:00:32.991000,0 days 00:00:45.081000,0 days 00:00:31.036000,0 days 01:50:59.868000,0 days 01:51:44.949000,0 days 01:52:15.985000,266.0,251.0,221.0,269.0,False,INTERMEDIATE,16.0,False,Aston Martin,0 days 01:50:26.792000,,1,12.0,,,False,True
0 days 01:54:04.496000,ALO,14,0 days 00:01:48.596000,17.0,4.0,NaT,NaT,0 days 00:00:33.145000,0 days 00:00:44.862000,0 days 00:00:30.589000,0 days 01:52:49.130000,0 days 01:53:33.992000,0 days 01:54:04.581000,265.0,251.0,229.0,268.0,True,INTERMEDIATE,17.0,False,Aston Martin,0 days 01:52:15.900000,,1,12.0,,,False,True
0 days 01:55:53.596000,ALO,14,0 days 00:01:49.100000,18.0,4.0,NaT,NaT,0 days 00:00:33.168000,0 days 00:00:45.153000,0 days 00:00:30.779000,0 days 01:54:37.749000,0 days 01:55:22.902000,0 days 01:55:53.681000,266.0,252.0,227.0,270.0,False,INTERMEDIATE,18.0,False,Aston Martin,0 days 01:54:04.496000,,1,12.0,,,False,True
0 days 01:57:43.114000,ALO,14,0 days 00:01:49.518000,19.0,4.0,NaT,NaT,0 days 00:00:33.445000,0 days 00:00:45.292000,0 days 00:00:30.781000,0 days 01:56:27.126000,0 days 01:57:12.418000,0 days 01:57:43.199000,265.0,252.0,229.0,269.0,False,INTERMEDIATE,19.0,False,Aston Martin,0 days 01:55:53.596000,,12,12.0,,,False,True
0 days 01:59:34.631000,ALO,14,0 days 00:01:51.517000,20.0,4.0,NaT,NaT,0 days 00:00:35.512000,0 days 00:00:45.194000,0 days 00:00:30.811000,0 days 01:58:18.711000,0 days 01:59:03.905000,0 days 01:59:34.716000,261.0,249.0,228.0,269.0,False,INTERMEDIATE,20.0,False,Aston Martin,0 days 01:57:43.114000,,2,11.0,,,False,True
0 days 01:20:50.376000,LEC,16,NaT,1.0,1.0,NaT,NaT,NaT,0 days 00:00:46.113000,0 days 00:00:31.401000,NaT,0 days 01:20:19.212000,0 days 01:20:50.376000,248.0,260.0,235.0,192.0,False,INTERMEDIATE,1.0,True,Ferrari,0 days 01:18:55.812000,,12,4.0,,,False,False
0 days 01:23:14.106000,LEC,16,0 days 00:02:23.730000,2.0,1.0,NaT,0 days 01:23:08.268000,0 days 00:00:34.154000,0 days 00:01:03.309000,0 days 00:00:46.267000,0 days 01:21:24.530000,0 days 01:22:27.839000,0 days 01:23:14.106000,219.0,191.0,,198.0,False,INTERMEDIATE,2.0,True,Ferrari,0 days 01:20:50.376000,,24,3.0,,,False,False
0 days 01:25:56.074000,LEC,16,NaT,3.0,2.0,0 days 01:23:26.738000,0 days 01:25:49.865000,0 days 00:00:49.218000,0 days 00:01:03.515000,0 days 00:00:49.079000,0 days 01:24:03.568000,0 days 01:25:06.995000,0 days 01:25:56.182000,186.0,195.0,,198.0,False,INTERMEDIATE,3.0,False,Ferrari,0 days 01:23:14.106000,,4,3.0,,,False,False
0 days 01:28:38.776000,LEC,16,NaT,4.0,3.0,0 days 01:26:09.324000,0 days 01:28:32.749000,0 days 00:00:50.513000,0 days 00:00:59.800000,0 days 00:00:52.441000,0 days 01:26:46.535000,0 days 01:27:46.496000,0 days 01:28:38.902000,197.0,153.0,,198.0,False,INTERMEDIATE,4.0,False,Ferrari,0 days 01:25:56.074000,,4,3.0,,,False,False
0 days 01:31:19.369000,LEC,16,NaT,5.0,4.0,0 days 01:28:57.579000,NaT,0 days 00:00:59.274000,0 days 00:00:59.019000,0 days 00:00:42.243000,0 days 01:29:38.107000,0 days 01:30:37.197000,0 days 01:31:19.402000,151.0,153.0,154.0,198.0,False,INTERMEDIATE,5.0,False,Ferrari,0 days 01:28:38.776000,,4,3.0,,,False,False
0 days 01:33:54.543000,LEC,16,NaT,6.0,4.0,NaT,NaT,0 days 00:00:43.224000,0 days 00:00:57.565000,0 days 00:00:54.526000,0 days 01:32:02.692000,0 days 01:33:00.136000,0 days 01:33:54.543000,177.0,175.0,232.0,168.0,False,INTERMEDIATE,6.0,False,Ferrari,0 days 01:31:19.369000,,41,3.0,,,False,False
0 days 01:35:41.650000,LEC,16,0 days 00:01:47.107000,7.0,4.0,NaT,NaT,0 days 00:00:32.218000,0 days 00:00:44.413000,0 days 00:00:30.476000,0 days 01:34:26.761000,0 days 01:35:11.174000,0 days 01:35:41.650000,275.0,263.0,235.0,273.0,True,INTERMEDIATE,7.0,False,Ferrari,0 days 01:33:54.543000,,12,3.0,,,False,True
0 days 01:37:28.631000,LEC,16,0 days 00:01:46.981000,8.0,4.0,NaT,NaT,0 days 00:00:31.875000,0 days 00:00:44.498000,0 days 00:00:30.608000,0 days 01:36:13.525000,0 days 01:36:58.023000,0 days 01:37:28.631000,275.0,263.0,236.0,269.0,True,INTERMEDIATE,8.0,False,Ferrari,0 days 01:35:41.650000,,1,3.0,,,False,True
0 days 01:39:15.573000,LEC,16,0 days 00:01:46.942000,9.0,4.0,NaT,NaT,0 days 00:00:32.060000,0 days 00:00:44.505000,0 days 00:00:30.377000,0 days 01:38:00.691000,0 days 01:38:45.196000,0 days 01:39:15.573000,275.0,263.0,239.0,269.0,True,INTERMEDIATE,9.0,False,Ferrari,0 days 01:37:28.631000,,1,3.0,,,False,True
0 days 01:41:02.544000,LEC,16,0 days 00:01:46.971000,10.0,4.0,NaT,NaT,0 days 00:00:31.996000,0 days 00:00:44.591000,0 days 00:00:30.384000,0 days 01:39:47.569000,0 days 01:40:32.160000,0 days 01:41:02.544000,274.0,263.0,237.0,268.0,False,INTERMEDIATE,10.0,False,Ferrari,0 days 01:39:15.573000,,1,3.0,,,False,True
0 days 01:42:49.282000,LEC,16,0 days 00:01:46.738000,11.0,4.0,NaT,NaT,0 days 00:00:32.053000,0 days 00:00:44.261000,0 days 00:00:30.424000,0 days 01:41:34.597000,0 days 01:42:18.858000,0 days 01:42:49.282000,273.0,261.0,238.0,268.0,True,INTERMEDIATE,11.0,False,Ferrari,0 days 01:41:02.544000,,1,3.0,,,False,True
0 days 01:44:37.295000,LEC,16,0 days 00:01:48.013000,12.0,4.0,NaT,NaT,0 days 00:00:32.553000,0 days 00:00:44.806000,0 days 00:00:30.654000,0 days 01:43:21.835000,0 days 01:44:06.641000,0 days 01:44:37.295000,274.0,263.0,238.0,268.0,False,INTERMEDIATE,12.0,False,Ferrari,0 days 01:42:49.282000,,1,3.0,,,False,True
0 days 01:46:24.263000,LEC,16,0 days 00:01:46.968000,13.0,4.0,NaT,NaT,0 days 00:00:32.224000,0 days 00:00:44.370000,0 days 00:00:30.374000,0 days 01:45:09.519000,0 days 01:45:53.889000,0 days 01:46:24.263000,273.0,258.0,234.0,268.0,False,INTERMEDIATE,13.0,False,Ferrari,0 days 01:44:37.295000,,1,3.0,,,False,True
0 days 01:48:11.555000,LEC,16,0 days 00:01:47.292000,14.0,4.0,NaT,NaT,0 days 00:00:32.397000,0 days 00:00:44.458000,0 days 00:00:30.437000,0 days 01:46:56.660000,0 days 01:47:41.118000,0 days 01:48:11.555000,274.0,258.0,237.0,268.0,False,INTERMEDIATE,14.0,False,Ferrari,0 days 01:46:24.263000,,1,3.0,,,False,True
0 days 01:49:58.930000,LEC,16,0 days 00:01:47.375000,15.0,4.0,NaT,NaT,0 days 00:00:32.610000,0 days 00:00:44.397000,0 days 00:00:30.368000,0 days 01:48:44.165000,0 days 01:49:28.562000,0 days 01:49:58.930000,276.0,263.0,237.0,270.0,False,INTERMEDIATE,15.0,False,Ferrari,0 days 01:48:11.555000,,1,3.0,,,False,True
0 days 01:51:47.155000,LEC,16,0 days 00:01:48.225000,16.0,4.0,NaT,NaT,0 days 00:00:32.846000,0 days 00:00:44.821000,0 days 00:00:30.558000,0 days 01:50:31.776000,0 days 01:51:16.597000,0 days 01:51:47.155000,273.0,259.0,236.0,267.0,False,INTERMEDIATE,16.0,False,Ferrari,0 days 01:49:58.930000,,1,3.0,,,False,True
0 days 01:53:35.342000,LEC,16,0 days 00:01:48.187000,17.0,4.0,NaT,NaT,0 days 00:00:32.507000,0 days 00:00:44.650000,0 days 00:00:31.030000,0 days 01:52:19.662000,0 days 01:53:04.312000,0 days 01:53:35.342000,273.0,258.0,221.0,269.0,False,INTERMEDIATE,17.0,False,Ferrari,0 days 01:51:47.155000,,1,3.0,,,False,True
0 days 01:55:23.440000,LEC,16,0 days 00:01:48.098000,18.0,4.0,NaT,NaT,0 days 00:00:32.724000,0 days 00:00:44.736000,0 days 00:00:30.638000,0 days 01:54:08.066000,0 days 01:54:52.802000,0 days 01:55:23.440000,274.0,257.0,236.0,266.0,False,INTERMEDIATE,18.0,False,Ferrari,0 days 01:53:35.342000,,1,3.0,,,False,True
0 days 01:57:11.315000,LEC,16,0 days 00:01:47.875000,19.0,4.0,NaT,NaT,0 days 00:00:32.808000,0 days 00:00:44.660000,0 days 00:00:30.407000,0 days 01:55:56.248000,0 days 01:56:40.908000,0 days 01:57:11.315000,273.0,259.0,239.0,270.0,False,INTERMEDIATE,19.0,False,Ferrari,0 days 01:55:23.440000,,1,3.0,,,False,True
0 days 01:59:01.038000,LEC,16,0 days 00:01:49.723000,20.0,4.0,NaT,NaT,0 days 00:00:33.146000,0 days 00:00:45.914000,0 days 00:00:30.663000,0 days 01:57:44.461000,0 days 01:58:30.375000,0 days 01:59:01.038000,280.0,256.0,237.0,267.0,False,INTERMEDIATE,20.0,False,Ferrari,0 days 01:57:11.315000,,12,3.0,,,False,True
0 days 01:20:46.983000,STR,18,NaT,1.0,1.0,NaT,NaT,NaT,NaT,NaT,NaT,NaT,NaT,,,,,False,INTERMEDIATE,1.0,True,Aston Martin,0 days 01:18:55.812000,,1,,,,True,False
0 days 01:21:00.519000,ALB,23,NaT,1.0,1.0,NaT,NaT,NaT,0 days 00:00:48.968000,0 days 00:00:33.599000,NaT,0 days 01:20:27.032000,0 days 01:21:00.591000,230.0,237.0,162.0,184.0,False,INTERMEDIATE,1.0,True,Williams,0 days 01:18:55.812000,,12,18.0,,,False,False
0 days 01:23:41.978000,ALB,23,NaT,2.0,1.0,NaT,0 days 01:23:36.146000,0 days 00:00:47.412000,0 days 00:01:01.484000,0 days 00:00:52.588000,0 days 01:21:48.172000,0 days 01:22:49.547000,0 days 01:23:42.050000,117.0,216.0,,167.0,False,INTERMEDIATE,2.0,True,Williams,0 days 01:21:00.519000,,24,17.0,,,False,False
0 days 01:26:20.266000,ALB,23,NaT,3.0,2.0,0 days 01:23:54.536000,0 days 01:26:14.583000,0 days 00:00:48.614000,0 days 00:00:58.923000,0 days 00:00:50.752000,0 days 01:24:30.783000,0 days 01:25:29.674000,0 days 01:26:20.338000,205.0,62.0,,167.0,False,INTERMEDIATE,3.0,False,Williams,0 days 01:23:41.978000,,4,15.0,,,False,False
0 days 01:28:57.507000,ALB,23,NaT,4.0,3.0,0 days 01:26:32.798000,0 days 01:28:51.559000,0 days 00:00:50.129000,0 days 00:00:57.928000,0 days 00:00:49.207000,0 days 01:27:10.683000,0 days 01:28:08.555000,0 days 01:28:57.579000,245.0,184.0,,167.0,False,INTERMEDIATE,4.0,False,Williams,0 days 01:26:20.266000,,4,14.0,,,False,False
0 days 01:31:37.005000,ALB,23,NaT,5.0,4.0,0 days 01:29:26.396000,NaT,0 days 00:01:03.170000,0 days 00:00:58.611000,0 days 00:00:37.575000,0 days 01:30:00.985000,0 days 01:30:59.518000,0 days 01:31:37.077000,242.0,169.0,231.0,167.0,False,INTERMEDIATE,5.0,False,Williams,0 days 01:28:57.507000,,4,14.0,,,False,False
0 days 01:34:09.605000,ALB,23,NaT,6.0,4.0,NaT,0 days 01:34:03.641000,0 days 00:00:39.393000,0 days 00:01:01.783000,0 days 00:00:51.497000,0 days 01:32:16.440000,0 days 01:33:18.293000,0 days 01:34:09.820000,229.0,195.0,,250.0,False,INTERMEDIATE,6.0,False,Williams,0 days 01:31:37.005000,,41,16.0,,,False,False
0 days 01:36:39.505000,ALB,23,0 days 00:02:29.900000,7.0,5.0,0 days 01:34:49.481000,NaT,0 days 00:01:11.570000,0 days 00:00:46.327000,0 days 00:00:32.003000,0 days 01:35:21.247000,0 days 01:36:07.574000,0 days 01:36:39.577000,260.0,260.0,229.0,250.0,False,INTERMEDIATE,1.0,True,Williams,0 days 01:34:09.605000,,12,15.0,,,False,False
0 days 01:38:30.659000,ALB,23,0 days 00:01:51.154000,8.0,5.0,NaT,NaT,0 days 00:00:32.926000,0 days 00:00:46.449000,0 days 00:00:31.779000,0 days 01:37:12.503000,0 days 01:37:58.952000,0 days 01:38:30.731000,271.0,263.0,229.0,268.0,True,INTERMEDIATE,2.0,True,Williams,0 days 01:36:39.505000,,1,15.0,,,False,True
0 days 01:40:22.526000,ALB,23,0 days 00:01:51.867000,9.0,5.0,NaT,NaT,0 days 00:00:33.390000,0 days 00:00:46.739000,0 days 00:00:31.738000,0 days 01:39:04.121000,0 days 01:39:50.860000,0 days 01:40:22.598000,259.0,262.0,230.0,265.0,False,INTERMEDIATE,3.0,True,Williams,0 days 01:38:30.659000,,1,15.0,,,False,True
0 days 01:42:13.555000,ALB,23,0 days 00:01:51.029000,10.0,5.0,NaT,NaT,0 days 00:00:33.194000,0 days 00:00:46.270000,0 days 00:00:31.565000,0 days 01:40:55.792000,0 days 01:41:42.062000,0 days 01:42:13.627000,260.0,262.0,230.0,272.0,True,INTERMEDIATE,4.0,True,Williams,0 days 01:40:22.526000,,1,15.0,,,False,True
0 days 01:44:04.415000,ALB,23,0 days 00:01:50.860000,11.0,5.0,NaT,NaT,0 days 00:00:33.086000,0 days 00:00:46.149000,0 days 00:00:31.625000,0 days 01:42:46.713000,0 days 01:43:32.862000,0 days 01:44:04.487000,264.0,257.0,229.0,271.0,True,INTERMEDIATE,5.0,True,Williams,0 days 01:42:13.555000,,1,15.0,,,False,True
0 days 01:45:55.520000,ALB,23,0 days 00:01:51.105000,12.0,5.0,NaT,NaT,0 days 00:00:33.069000,0 days 00:00:46.212000,0 days 00:00:31.824000,0 days 01:44:37.556000,0 days 01:45:23.768000,0 days 01:45:55.592000,268.0,250.0,228.0,270.0,False,INTERMEDIATE,6.0,True,Williams,0 days 01:44:04.415000,,1,15.0,,,False,True
0 days 01:47:46.598000,ALB,23,0 days 00:01:51.078000,13.0,5.0,NaT,NaT,0 days 00:00:33.118000,0 days 00:00:46.386000,0 days 00:00:31.574000,0 days 01:46:28.710000,0 days 01:47:15.096000,0 days 01:47:46.670000,269.0,258.0,226.0,267.0,False,INTERMEDIATE,7.0,True,Williams,0 days 01:45:55.520000,,1,15.0,,,False,True
0 days 01:49:47.888000,ALB,23,0 days 00:02:01.290000,14.0,5.0,NaT,0 days 01:49:42.036000,0 days 00:00:33.308000,0 days 00:00:49.067000,0 days 00:00:38.915000,0 days 01:48:19.978000,0 days 01:49:09.045000,0 days 01:49:47.960000,228.0,243.0,,262.0,False,INTERMEDIATE,8.0,True,Williams,0 days 01:47:46.598000,,1,15.0,,,False,False
0 days 01:20:56.360000,HUL,27,NaT,1.0,1.0,NaT,NaT,NaT,0 days 00:00:48.274000,0 days 00:00:32.605000,NaT,0 days 01:20:23.961000,0 days 01:20:56.421000,258.0,241.0,152.0,203.0,False,INTERMEDIATE,1.0,True,Audi,0 days 01:18:55.812000,,12,12.0,,,False,False
0 days 01:23:30.083000,HUL,27,NaT,2.0,1.0,NaT,0 days 01:23:24.300000,0 days 00:00:41.702000,0 days 00:01:01.614000,0 days 00:00:50.424000,0 days 01:21:38.239000,0 days 01:22:39.833000,0 days 01:23:30.144000,147.0,187.0,,240.0,False,INTERMEDIATE,2.0,True,Audi,0 days 01:20:56.360000,,24,11.0,,,False,False
0 days 01:26:08.212000,HUL,27,NaT,3.0,2.0,0 days 01:23:42.733000,0 days 01:26:02.348000,0 days 00:00:51.948000,0 days 00:00:55.358000,0 days 00:00:50.805000,0 days 01:24:22.183000,0 days 01:25:17.595000,0 days 01:26:08.273000,235.0,198.0,,240.0,False,INTERMEDIATE,3.0,False,Audi,0 days 01:23:30.083000,,4,10.0,,,False,False
0 days 01:28:50.657000,HUL,27,NaT,4.0,3.0,0 days 01:26:20.794000,0 days 01:28:44.296000,0 days 00:00:48.873000,0 days 00:01:03.035000,0 days 00:00:50.511000,0 days 01:26:57.183000,0 days 01:28:00.207000,0 days 01:28:50.778000,247.0,127.0,,240.0,False,INTERMEDIATE,4.0,False,Audi,0 days 01:26:08.212000,,4,10.0,,,False,False
0 days 01:31:27.391000,HUL,27,NaT,5.0,4.0,0 days 01:29:13.963000,NaT,0 days 00:00:58.267000,0 days 00:01:00.715000,0 days 00:00:37.814000,0 days 01:29:49.006000,0 days 01:30:49.680000,0 days 01:31:27.576000,248.0,172.0,122.0,240.0,False,INTERMEDIATE,5.0,False,Audi,0 days 01:28:50.657000,,4,10.0,,,False,False
0 days 01:33:57.072000,HUL,27,0 days 00:02:29.681000,6.0,4.0,NaT,NaT,0 days 00:00:42.581000,0 days 00:01:01.128000,0 days 00:00:45.972000,0 days 01:32:10.033000,0 days 01:33:11.161000,0 days 01:33:57.133000,184.0,214.0,228.0,198.0,True,INTERMEDIATE,6.0,False,Audi,0 days 01:31:27.391000,,41,10.0,,,False,False
0 days 01:35:47.516000,HUL,27,0 days 00:01:50.444000,7.0,4.0,NaT,NaT,0 days 00:00:33.477000,0 days 00:00:45.823000,0 days 00:00:31.144000,0 days 01:34:30.610000,0 days 01:35:16.433000,0 days 01:35:47.577000,269.0,250.0,231.0,268.0,True,INTERMEDIATE,7.0,False,Audi,0 days 01:33:57.072000,,12,10.0,,,False,True
0 days 01:37:37.368000,HUL,27,0 days 00:01:49.852000,8.0,4.0,NaT,NaT,0 days 00:00:32.658000,0 days 00:00:46.356000,0 days 00:00:30.838000,0 days 01:36:20.235000,0 days 01:37:06.591000,0 days 01:37:37.429000,280.0,249.0,233.0,272.0,True,INTERMEDIATE,8.0,False,Audi,0 days 01:35:47.516000,,1,10.0,,,False,True
0 days 01:39:25.424000,HUL,27,0 days 00:01:48.056000,9.0,4.0,NaT,NaT,0 days 00:00:32.802000,0 days 00:00:44.585000,0 days 00:00:30.669000,0 days 01:38:10.231000,0 days 01:38:54.816000,0 days 01:39:25.485000,276.0,252.0,231.0,274.0,True,INTERMEDIATE,9.0,False,Audi,0 days 01:37:37.368000,,1,9.0,,,False,True
0 days 01:41:12.819000,HUL,27,0 days 00:01:47.395000,10.0,4.0,NaT,NaT,0 days 00:00:32.216000,0 days 00:00:44.394000,0 days 00:00:30.785000,0 days 01:39:57.701000,0 days 01:40:42.095000,0 days 01:41:12.880000,277.0,250.0,231.0,272.0,True,INTERMEDIATE,10.0,False,Audi,0 days 01:39:25.424000,,1,9.0,,,False,True
0 days 01:43:00.129000,HUL,27,0 days 00:01:47.310000,11.0,4.0,NaT,NaT,0 days 00:00:32.214000,0 days 00:00:44.561000,0 days 00:00:30.535000,0 days 01:41:45.094000,0 days 01:42:29.655000,0 days 01:43:00.190000,277.0,249.0,237.0,269.0,True,INTERMEDIATE,11.0,False,Audi,0 days 01:41:12.819000,,1,9.0,,,False,True
0 days 01:44:48.158000,HUL,27,0 days 00:01:48.029000,12.0,4.0,NaT,NaT,0 days 00:00:32.416000,0 days 00:00:44.824000,0 days 00:00:30.789000,0 days 01:43:32.606000,0 days 01:44:17.430000,0 days 01:44:48.219000,278.0,248.0,236.0,270.0,False,INTERMEDIATE,12.0,False,Audi,0 days 01:43:00.129000,,1,9.0,,,False,True
0 days 01:46:36.479000,HUL,27,0 days 00:01:48.321000,13.0,4.0,NaT,NaT,0 days 00:00:32.460000,0 days 00:00:44.933000,0 days 00:00:30.928000,0 days 01:45:20.679000,0 days 01:46:05.612000,0 days 01:46:36.540000,279.0,249.0,233.0,273.0,False,INTERMEDIATE,13.0,False,Audi,0 days 01:44:48.158000,,1,9.0,,,False,True
0 days 01:48:24.839000,HUL,27,0 days 00:01:48.360000,14.0,4.0,NaT,NaT,0 days 00:00:32.411000,0 days 00:00:44.673000,0 days 00:00:31.276000,0 days 01:47:08.951000,0 days 01:47:53.624000,0 days 01:48:24.900000,278.0,262.0,223.0,272.0,False,INTERMEDIATE,14.0,False,Audi,0 days 01:46:36.479000,,1,9.0,,,False,True
0 days 01:50:12.630000,HUL,27,0 days 00:01:47.791000,15.0,4.0,NaT,NaT,0 days 00:00:32.338000,0 days 00:00:44.908000,0 days 00:00:30.545000,0 days 01:48:57.238000,0 days 01:49:42.146000,0 days 01:50:12.691000,278.0,260.0,235.0,271.0,False,INTERMEDIATE,15.0,False,Audi,0 days 01:48:24.839000,,1,9.0,,,False,True
0 days 01:52:00.494000,HUL,27,0 days 00:01:47.864000,16.0,4.0,NaT,NaT,0 days 00:00:32.470000,0 days 00:00:44.660000,0 days 00:00:30.734000,0 days 01:50:45.161000,0 days 01:51:29.821000,0 days 01:52:00.555000,278.0,261.0,235.0,273.0,False,INTERMEDIATE,16.0,False,Audi,0 days 01:50:12.630000,,1,9.0,,,False,True
0 days 01:53:48.019000,HUL,27,0 days 00:01:47.525000,17.0,4.0,NaT,NaT,0 days 00:00:32.436000,0 days 00:00:44.849000,0 days 00:00:30.240000,0 days 01:52:32.991000,0 days 01:53:17.840000,0 days 01:53:48.080000,278.0,262.0,238.0,272.0,False,INTERMEDIATE,17.0,False,Audi,0 days 01:52:00.494000,,1,9.0,,,False,True
0 days 01:55:35.446000,HUL,27,0 days 00:01:47.427000,18.0,4.0,NaT,NaT,0 days 00:00:32.500000,0 days 00:00:44.696000,0 days 00:00:30.231000,0 days 01:54:20.580000,0 days 01:55:05.276000,0 days 01:55:35.507000,276.0,261.0,231.0,274.0,False,INTERMEDIATE,18.0,False,Audi,0 days 01:53:48.019000,,1,9.0,,,False,True
0 days 01:57:22.899000,HUL,27,0 days 00:01:47.453000,19.0,4.0,NaT,NaT,0 days 00:00:32.512000,0 days 00:00:44.832000,0 days 00:00:30.109000,0 days 01:56:08.019000,0 days 01:56:52.851000,0 days 01:57:22.960000,278.0,262.0,238.0,273.0,False,INTERMEDIATE,19.0,False,Audi,0 days 01:55:35.446000,,1,9.0,,,False,True
0 days 01:59:11.692000,HUL,27,0 days 00:01:48.793000,20.0,4.0,NaT,NaT,0 days 00:00:33.631000,0 days 00:00:45.048000,0 days 00:00:30.114000,0 days 01:57:56.591000,0 days 01:58:41.639000,0 days 01:59:11.753000,276.0,262.0,241.0,273.0,False,INTERMEDIATE,20.0,False,Audi,0 days 01:57:22.899000,,12,7.0,,,False,True
0 days 01:20:47.897000,VER,3,NaT,1.0,1.0,NaT,NaT,NaT,0 days 00:00:45.252000,0 days 00:00:31.271000,NaT,0 days 01:20:16.790000,0 days 01:20:47.945000,262.0,253.0,232.0,181.0,False,INTERMEDIATE,1.0,True,Red Bull Racing,0 days 01:18:55.812000,,1,2.0,,,False,False
0 days 01:23:09.326000,VER,3,0 days 00:02:21.429000,2.0,1.0,NaT,0 days 01:23:03.513000,0 days 00:00:33.084000,0 days 00:01:01.366000,0 days 00:00:46.979000,0 days 01:21:21.029000,0 days 01:22:22.395000,0 days 01:23:09.374000,263.0,168.0,,248.0,False,INTERMEDIATE,2.0,True,Red Bull Racing,0 days 01:20:47.897000,,124,1.0,,,False,False
0 days 01:25:52.447000,VER,3,NaT,3.0,2.0,0 days 01:23:21.972000,0 days 01:25:46.254000,0 days 00:00:51.404000,0 days 00:01:00.228000,0 days 00:00:51.403000,0 days 01:24:00.864000,0 days 01:25:01.094000,0 days 01:25:52.541000,200.0,183.0,,248.0,False,INTERMEDIATE,3.0,False,Red Bull Racing,0 days 01:23:09.326000,,4,1.0,,,False,False
0 days 01:28:36.488000,VER,3,NaT,4.0,3.0,0 days 01:26:05.446000,0 days 01:28:30.370000,0 days 00:00:52.085000,0 days 00:00:58.955000,0 days 00:00:52.993000,0 days 01:26:44.684000,0 days 01:27:43.687000,0 days 01:28:36.536000,195.0,127.0,,248.0,False,INTERMEDIATE,4.0,False,Red Bull Racing,0 days 01:25:52.447000,,4,1.0,,,False,False
0 days 01:31:17.448000,VER,3,NaT,5.0,4.0,0 days 01:28:53.343000,NaT,0 days 00:00:59.660000,0 days 00:00:58.757000,0 days 00:00:42.507000,0 days 01:29:36.232000,0 days 01:30:35.028000,0 days 01:31:17.597000,151.0,135.0,169.0,248.0,False,INTERMEDIATE,5.0,False,Red Bull Racing,0 days 01:28:36.488000,,4,1.0,,,False,False
0 days 01:33:53.038000,VER,3,NaT,6.0,4.0,NaT,NaT,0 days 00:00:42.681000,0 days 00:00:58.429000,0 days 00:00:54.595000,0 days 01:32:00.208000,0 days 01:32:58.699000,0 days 01:33:53.153000,194.0,201.0,244.0,162.0,False,INTERMEDIATE,6.0,False,Red Bull Racing,0 days 01:31:17.448000,,41,1.0,,,False,False
0 days 01:35:39.150000,VER,3,0 days 00:01:46.112000,7.0,4.0,NaT,NaT,0 days 00:00:31.932000,0 days 00:00:44.047000,0 days 00:00:30.133000,0 days 01:34:25.018000,0 days 01:35:09.065000,0 days 01:35:39.198000,267.0,254.0,241.0,275.0,True,INTERMEDIATE,7.0,False,Red Bull Racing,0 days 01:33:53.038000,,12,1.0,,,False,True
0 days 01:37:25.832000,VER,3,0 days 00:01:46.682000,8.0,4.0,NaT,NaT,0 days 00:00:31.947000,0 days 00:00:44.527000,0 days 00:00:30.208000,0 days 01:36:11.145000,0 days 01:36:55.672000,0 days 01:37:25.880000,266.0,254.0,241.0,267.0,False,INTERMEDIATE,8.0,False,Red Bull Racing,0 days 01:35:39.150000,,1,1.0,,,False,True
0 days 01:39:12.705000,VER,3,0 days 00:01:46.873000,9.0,4.0,NaT,NaT,0 days 00:00:31.912000,0 days 00:00:44.580000,0 days 00:00:30.381000,0 days 01:37:57.792000,0 days 01:38:42.372000,0 days 01:39:12.753000,267.0,256.0,242.0,275.0,False,INTERMEDIATE,9.0,False,Red Bull Racing,0 days 01:37:25.832000,,1,1.0,,,False,True
0 days 01:40:59.354000,VER,3,0 days 00:01:46.649000,10.0,4.0,NaT,NaT,0 days 00:00:31.895000,0 days 00:00:44.610000,0 days 00:00:30.144000,0 days 01:39:44.648000,0 days 01:40:29.258000,0 days 01:40:59.402000,267.0,255.0,241.0,275.0,False,INTERMEDIATE,10.0,False,Red Bull Racing,0 days 01:39:12.705000,,1,1.0,,,False,True
0 days 01:42:46.011000,VER,3,0 days 00:01:46.657000,11.0,4.0,NaT,NaT,0 days 00:00:31.927000,0 days 00:00:44.747000,0 days 00:00:29.983000,0 days 01:41:31.329000,0 days 01:42:16.076000,0 days 01:42:46.059000,271.0,255.0,243.0,262.0,False,INTERMEDIATE,11.0,False,Red Bull Racing,0 days 01:40:59.354000,,1,1.0,,,False,True
0 days 01:44:32.699000,VER,3,0 days 00:01:46.688000,12.0,4.0,NaT,NaT,0 days 00:00:32.009000,0 days 00:00:44.652000,0 days 00:00:30.027000,0 days 01:43:18.068000,0 days 01:44:02.720000,0 days 01:44:32.747000,269.0,256.0,241.0,273.0,False,INTERMEDIATE,12.0,False,Red Bull Racing,0 days 01:42:46.011000,,1,1.0,,,False,True
0 days 01:46:19.421000,VER,3,0 days 00:01:46.722000,13.0,4.0,NaT,NaT,0 days 00:00:31.990000,0 days 00:00:44.649000,0 days 00:00:30.083000,0 days 01:45:04.737000,0 days 01:45:49.386000,0 days 01:46:19.469000,268.0,261.0,240.0,274.0,False,INTERMEDIATE,13.0,False,Red Bull Racing,0 days 01:44:32.699000,,1,1.0,,,False,True
0 days 01:48:05.830000,VER,3,0 days 00:01:46.409000,14.0,4.0,NaT,NaT,0 days 00:00:31.993000,0 days 00:00:44.336000,0 days 00:00:30.080000,0 days 01:46:51.462000,0 days 01:47:35.798000,0 days 01:48:05.878000,276.0,256.0,241.0,274.0,False,INTERMEDIATE,14.0,False,Red Bull Racing,0 days 01:46:19.421000,,1,1.0,,,False,True
0 days 01:49:52.238000,VER,3,0 days 00:01:46.408000,15.0,4.0,NaT,NaT,0 days 00:00:32.127000,0 days 00:00:44.300000,0 days 00:00:29.981000,0 days 01:48:38.005000,0 days 01:49:22.305000,0 days 01:49:52.286000,267.0,255.0,241.0,265.0,False,INTERMEDIATE,15.0,False,Red Bull Racing,0 days 01:48:05.830000,,1,1.0,,,False,True
0 days 01:51:38.977000,VER,3,0 days 00:01:46.739000,16.0,4.0,NaT,NaT,0 days 00:00:32.070000,0 days 00:00:44.084000,0 days 00:00:30.585000,0 days 01:50:24.356000,0 days 01:51:08.440000,0 days 01:51:39.025000,270.0,256.0,214.0,266.0,False,INTERMEDIATE,16.0,False,Red Bull Racing,0 days 01:49:52.238000,,1,1.0,,,False,True
0 days 01:53:25.464000,VER,3,0 days 00:01:46.487000,17.0,4.0,NaT,NaT,0 days 00:00:32.355000,0 days 00:00:43.984000,0 days 00:00:30.148000,0 days 01:52:11.380000,0 days 01:52:55.364000,0 days 01:53:25.512000,276.0,254.0,239.0,269.0,False,INTERMEDIATE,17.0,False,Red Bull Racing,0 days 01:51:38.977000,,1,1.0,,,False,True
0 days 01:55:11.805000,VER,3,0 days 00:01:46.341000,18.0,4.0,NaT,NaT,0 days 00:00:32.331000,0 days 00:00:43.949000,0 days 00:00:30.061000,0 days 01:53:57.843000,0 days 01:54:41.792000,0 days 01:55:11.853000,263.0,254.0,242.0,274.0,False,INTERMEDIATE,18.0,False,Red Bull Racing,0 days 01:53:25.464000,,1,1.0,,,False,True
0 days 01:56:57.822000,VER,3,0 days 00:01:46.017000,19.0,4.0,NaT,NaT,0 days 00:00:32.262000,0 days 00:00:43.896000,0 days 00:00:29.859000,0 days 01:55:44.115000,0 days 01:56:28.011000,0 days 01:56:57.870000,269.0,257.0,242.0,266.0,True,INTERMEDIATE,19.0,False,Red Bull Racing,0 days 01:55:11.805000,,1,1.0,,,False,True
0 days 01:58:44.167000,VER,3,0 days 00:01:46.345000,20.0,4.0,NaT,NaT,0 days 00:00:32.216000,0 days 00:00:43.931000,0 days 00:00:30.198000,0 days 01:57:30.086000,0 days 01:58:14.017000,0 days 01:58:44.215000,277.0,256.0,238.0,274.0,False,INTERMEDIATE,20.0,False,Red Bull Racing,0 days 01:56:57.822000,,12,1.0,,,False,True
0 days 01:20:53.322000,LAW,30,NaT,1.0,1.0,NaT,NaT,NaT,0 days 00:00:47.247000,0 days 00:00:31.890000,NaT,0 days 01:20:21.621000,0 days 01:20:53.424000,251.0,246.0,233.0,210.0,False,INTERMEDIATE,1.0,True,Racing Bulls,0 days 01:18:55.812000,,12,8.0,,,False,False
0 days 01:23:23.651000,LAW,30,NaT,2.0,1.0,NaT,0 days 01:23:17.663000,0 days 00:00:38.276000,0 days 00:01:03.297000,0 days 00:00:48.796000,0 days 01:21:31.759000,0 days 01:22:35.081000,0 days 01:23:23.753000,97.0,202.0,,211.0,False,INTERMEDIATE,2.0,True,Racing Bulls,0 days 01:20:53.322000,,24,7.0,,,False,False
0 days 01:26:03.247000,LAW,30,NaT,3.0,2.0,0 days 01:23:36.223000,0 days 01:25:55.924000,0 days 00:00:46.905000,0 days 00:01:02.387000,0 days 00:00:50.294000,0 days 01:24:10.668000,0 days 01:25:13.108000,0 days 01:26:03.369000,242.0,208.0,,211.0,False,INTERMEDIATE,3.0,False,Racing Bulls,0 days 01:23:23.651000,,4,7.0,,,False,False
0 days 01:28:46.737000,LAW,30,NaT,4.0,3.0,0 days 01:26:16.074000,0 days 01:28:40.454000,0 days 00:00:48.975000,0 days 00:01:02.006000,0 days 00:00:52.536000,0 days 01:26:52.342000,0 days 01:27:54.303000,0 days 01:28:46.997000,193.0,159.0,,211.0,False,INTERMEDIATE,4.0,False,Racing Bulls,0 days 01:26:03.247000,,4,7.0,,,False,False
0 days 01:31:23.850000,LAW,30,NaT,5.0,4.0,0 days 01:29:06.126000,NaT,0 days 00:00:57.312000,0 days 00:01:01.461000,0 days 00:00:38.346000,0 days 01:29:44.284000,0 days 01:30:45.754000,0 days 01:31:23.952000,201.0,165.0,129.0,211.0,False,INTERMEDIATE,5.0,False,Racing Bulls,0 days 01:28:46.737000,,4,7.0,,,False,False
0 days 01:33:56.018000,LAW,30,NaT,6.0,4.0,NaT,NaT,0 days 00:00:42.949000,0 days 00:01:00.146000,0 days 00:00:49.046000,0 days 01:32:07.003000,0 days 01:33:07.105000,0 days 01:33:56.201000,212.0,228.0,234.0,211.0,False,INTERMEDIATE,6.0,False,Racing Bulls,0 days 01:31:23.850000,,41,7.0,,,False,False
0 days 01:35:45.423000,LAW,30,0 days 00:01:49.405000,7.0,4.0,NaT,NaT,0 days 00:00:33.125000,0 days 00:00:45.171000,0 days 00:00:31.109000,0 days 01:34:29.245000,0 days 01:35:14.416000,0 days 01:35:45.525000,261.0,247.0,236.0,263.0,True,INTERMEDIATE,7.0,False,Racing Bulls,0 days 01:33:56.018000,,12,7.0,,,False,True
0 days 01:37:33.916000,LAW,30,0 days 00:01:48.493000,8.0,4.0,NaT,NaT,0 days 00:00:32.534000,0 days 00:00:44.971000,0 days 00:00:30.988000,0 days 01:36:18.059000,0 days 01:37:03.030000,0 days 01:37:34.018000,269.0,255.0,237.0,260.0,True,INTERMEDIATE,8.0,False,Racing Bulls,0 days 01:35:45.423000,,1,7.0,,,False,True
0 days 01:39:22.394000,LAW,30,0 days 00:01:48.478000,9.0,4.0,NaT,NaT,0 days 00:00:32.526000,0 days 00:00:45.145000,0 days 00:00:30.807000,0 days 01:38:06.544000,0 days 01:38:51.689000,0 days 01:39:22.496000,274.0,254.0,239.0,271.0,True,INTERMEDIATE,9.0,False,Racing Bulls,0 days 01:37:33.916000,,1,7.0,,,False,True
0 days 01:41:10.362000,LAW,30,0 days 00:01:47.968000,10.0,4.0,NaT,NaT,0 days 00:00:32.488000,0 days 00:00:44.709000,0 days 00:00:30.771000,0 days 01:39:54.984000,0 days 01:40:39.693000,0 days 01:41:10.464000,275.0,259.0,239.0,257.0,True,INTERMEDIATE,10.0,False,Racing Bulls,0 days 01:39:22.394000,,1,7.0,,,False,True
0 days 01:42:58.069000,LAW,30,0 days 00:01:47.707000,11.0,4.0,NaT,NaT,0 days 00:00:32.195000,0 days 00:00:44.644000,0 days 00:00:30.868000,0 days 01:41:42.659000,0 days 01:42:27.303000,0 days 01:42:58.171000,272.0,251.0,238.0,267.0,True,INTERMEDIATE,11.0,False,Racing Bulls,0 days 01:41:10.362000,,1,7.0,,,False,True
0 days 01:44:46.039000,LAW,30,0 days 00:01:47.970000,12.0,4.0,NaT,NaT,0 days 00:00:32.255000,0 days 00:00:44.870000,0 days 00:00:30.845000,0 days 01:43:30.426000,0 days 01:44:15.296000,0 days 01:44:46.141000,273.0,258.0,237.0,268.0,False,INTERMEDIATE,12.0,False,Racing Bulls,0 days 01:42:58.069000,,1,7.0,,,False,True
0 days 01:46:34.171000,LAW,30,0 days 00:01:48.132000,13.0,4.0,NaT,NaT,0 days 00:00:32.307000,0 days 00:00:44.990000,0 days 00:00:30.835000,0 days 01:45:18.448000,0 days 01:46:03.438000,0 days 01:46:34.273000,276.0,260.0,236.0,269.0,False,INTERMEDIATE,13.0,False,Racing Bulls,0 days 01:44:46.039000,,1,7.0,,,False,True
0 days 01:48:21.742000,LAW,30,0 days 00:01:47.571000,14.0,4.0,NaT,NaT,0 days 00:00:32.293000,0 days 00:00:44.659000,0 days 00:00:30.619000,0 days 01:47:06.566000,0 days 01:47:51.225000,0 days 01:48:21.844000,278.0,257.0,236.0,275.0,True,INTERMEDIATE,14.0,False,Racing Bulls,0 days 01:46:34.171000,,1,7.0,,,False,True
0 days 01:50:09.304000,LAW,30,0 days 00:01:47.562000,15.0,4.0,NaT,NaT,0 days 00:00:32.216000,0 days 00:00:44.735000,0 days 00:00:30.611000,0 days 01:48:54.060000,0 days 01:49:38.795000,0 days 01:50:09.406000,278.0,258.0,238.0,275.0,True,INTERMEDIATE,15.0,False,Racing Bulls,0 days 01:48:21.742000,,1,7.0,,,False,True
0 days 01:51:56.415000,LAW,30,0 days 00:01:47.111000,16.0,4.0,NaT,NaT,0 days 00:00:32.226000,0 days 00:00:44.457000,0 days 00:00:30.428000,0 days 01:50:41.632000,0 days 01:51:26.089000,0 days 01:51:56.517000,278.0,262.0,240.0,269.0,True,INTERMEDIATE,16.0,False,Racing Bulls,0 days 01:50:09.304000,,1,7.0,,,False,True
0 days 01:53:43.229000,LAW,30,0 days 00:01:46.814000,17.0,4.0,NaT,NaT,0 days 00:00:32.130000,0 days 00:00:44.278000,0 days 00:00:30.406000,0 days 01:52:28.647000,0 days 01:53:12.925000,0 days 01:53:43.331000,277.0,259.0,240.0,276.0,True,INTERMEDIATE,17.0,False,Racing Bulls,0 days 01:51:56.415000,,1,7.0,,,False,True
0 days 01:55:30.103000,LAW,30,0 days 00:01:46.874000,18.0,4.0,NaT,NaT,0 days 00:00:32.210000,0 days 00:00:44.460000,0 days 00:00:30.204000,0 days 01:54:15.541000,0 days 01:55:00.001000,0 days 01:55:30.205000,277.0,258.0,240.0,273.0,False,INTERMEDIATE,18.0,False,Racing Bulls,0 days 01:53:43.229000,,1,7.0,,,False,True
0 days 01:57:16.375000,LAW,30,0 days 00:01:46.272000,19.0,4.0,NaT,NaT,0 days 00:00:32.121000,0 days 00:00:44.109000,0 days 00:00:30.042000,0 days 01:56:02.326000,0 days 01:56:46.435000,0 days 01:57:16.477000,279.0,263.0,242.0,277.0,True,INTERMEDIATE,19.0,False,Racing Bulls,0 days 01:55:30.103000,,1,7.0,,,False,True
0 days 01:59:04.799000,LAW,30,0 days 00:01:48.424000,20.0,4.0,NaT,NaT,0 days 00:00:33.687000,0 days 00:00:44.411000,0 days 00:00:30.326000,0 days 01:57:50.164000,0 days 01:58:34.575000,0 days 01:59:04.901000,273.0,258.0,240.0,269.0,False,INTERMEDIATE,20.0,False,Racing Bulls,0 days 01:57:16.375000,,12,5.0,,,False,True
0 days 01:20:57.601000,OCO,31,NaT,1.0,1.0,NaT,NaT,NaT,0 days 00:00:48.471000,0 days 00:00:32.733000,NaT,0 days 01:20:24.960000,0 days 01:20:57.637000,237.0,240.0,192.0,179.0,False,INTERMEDIATE,1.0,True,Haas F1 Team,0 days 01:18:55.812000,,12,14.0,,,False,False
0 days 01:23:32.410000,OCO,31,NaT,2.0,1.0,NaT,0 days 01:23:26.628000,0 days 00:00:44.025000,0 days 00:01:01.734000,0 days 00:00:49.031000,0 days 01:21:41.715000,0 days 01:22:43.500000,0 days 01:23:32.446000,100.0,188.0,,215.0,False,INTERMEDIATE,2.0,True,Haas F1 Team,0 days 01:20:57.601000,,24,13.0,,,False,False
0 days 01:26:12.012000,OCO,31,NaT,3.0,2.0,0 days 01:23:44.917000,0 days 01:26:06.258000,0 days 00:00:52.023000,0 days 00:00:59.632000,0 days 00:00:47.979000,0 days 01:24:24.636000,0 days 01:25:24.292000,0 days 01:26:12.048000,180.0,66.0,,215.0,False,INTERMEDIATE,3.0,False,Haas F1 Team,0 days 01:23:32.410000,,4,11.0,,,False,False
0 days 01:28:51.876000,OCO,31,NaT,4.0,3.0,0 days 01:26:24.516000,0 days 01:28:45.355000,0 days 00:00:47.356000,0 days 00:01:02.248000,0 days 00:00:50.109000,0 days 01:26:59.555000,0 days 01:28:01.806000,0 days 01:28:51.971000,251.0,119.0,,215.0,False,INTERMEDIATE,4.0,False,Haas F1 Team,0 days 01:26:12.012000,,4,11.0,,,False,False
0 days 01:31:28.576000,OCO,31,NaT,5.0,4.0,0 days 01:29:17.696000,NaT,0 days 00:00:58.698000,0 days 00:01:01.209000,0 days 00:00:36.921000,0 days 01:29:50.606000,0 days 01:30:51.789000,0 days 01:31:28.686000,263.0,174.0,138.0,215.0,False,INTERMEDIATE,5.0,False,Haas F1 Team,0 days 01:28:51.876000,,4,11.0,,,False,False
0 days 01:33:57.671000,OCO,31,0 days 00:02:29.095000,6.0,4.0,NaT,NaT,0 days 00:00:42.952000,0 days 00:01:01.093000,0 days 00:00:45.050000,0 days 01:32:11.564000,0 days 01:33:12.657000,0 days 01:33:57.707000,173.0,189.0,235.0,178.0,True,INTERMEDIATE,6.0,False,Haas F1 Team,0 days 01:31:28.576000,,41,11.0,,,False,False
0 days 01:35:48.313000,OCO,31,0 days 00:01:50.642000,7.0,4.0,NaT,NaT,0 days 00:00:33.412000,0 days 00:00:46.037000,0 days 00:00:31.193000,0 days 01:34:31.119000,0 days 01:35:17.156000,0 days 01:35:48.349000,255.0,242.0,238.0,259.0,True,INTERMEDIATE,7.0,False,Haas F1 Team,0 days 01:33:57.671000,,12,11.0,,,False,True
0 days 01:37:38.474000,OCO,31,0 days 00:01:50.161000,8.0,4.0,NaT,NaT,0 days 00:00:32.547000,0 days 00:00:46.309000,0 days 00:00:31.305000,0 days 01:36:20.896000,0 days 01:37:07.205000,0 days 01:37:38.510000,273.0,248.0,236.0,264.0,True,INTERMEDIATE,8.0,False,Haas F1 Team,0 days 01:35:48.313000,,1,11.0,,,False,True
0 days 01:39:27.257000,OCO,31,0 days 00:01:48.783000,9.0,4.0,NaT,NaT,0 days 00:00:32.707000,0 days 00:00:45.301000,0 days 00:00:30.775000,0 days 01:38:11.217000,0 days 01:38:56.518000,0 days 01:39:27.293000,269.0,257.0,239.0,263.0,True,INTERMEDIATE,9.0,False,Haas F1 Team,0 days 01:37:38.474000,,1,10.0,,,False,True
0 days 01:41:15.534000,OCO,31,0 days 00:01:48.277000,10.0,4.0,NaT,NaT,0 days 00:00:32.284000,0 days 00:00:45.244000,0 days 00:00:30.749000,0 days 01:39:59.577000,0 days 01:40:44.821000,0 days 01:41:15.570000,273.0,258.0,238.0,268.0,True,INTERMEDIATE,10.0,False,Haas F1 Team,0 days 01:39:27.257000,,1,10.0,,,False,True
0 days 01:43:03.546000,OCO,31,0 days 00:01:48.012000,11.0,4.0,NaT,NaT,0 days 00:00:32.264000,0 days 00:00:44.873000,0 days 00:00:30.875000,0 days 01:41:47.834000,0 days 01:42:32.707000,0 days 01:43:03.582000,273.0,257.0,238.0,267.0,True,INTERMEDIATE,11.0,False,Haas F1 Team,0 days 01:41:15.534000,,1,10.0,,,False,True
0 days 01:44:51.907000,OCO,31,0 days 00:01:48.361000,12.0,4.0,NaT,NaT,0 days 00:00:32.429000,0 days 00:00:45.016000,0 days 00:00:30.916000,0 days 01:43:36.011000,0 days 01:44:21.027000,0 days 01:44:51.943000,270.0,256.0,235.0,264.0,False,INTERMEDIATE,12.0,False,Haas F1 Team,0 days 01:43:03.546000,,1,10.0,,,False,True
0 days 01:46:40.249000,OCO,31,0 days 00:01:48.342000,13.0,4.0,NaT,NaT,0 days 00:00:32.456000,0 days 00:00:44.955000,0 days 00:00:30.931000,0 days 01:45:24.399000,0 days 01:46:09.354000,0 days 01:46:40.285000,274.0,258.0,233.0,267.0,False,INTERMEDIATE,13.0,False,Haas F1 Team,0 days 01:44:51.907000,,1,10.0,,,False,True
0 days 01:48:28.611000,OCO,31,0 days 00:01:48.362000,14.0,4.0,NaT,NaT,0 days 00:00:32.596000,0 days 00:00:45.003000,0 days 00:00:30.763000,0 days 01:47:12.881000,0 days 01:47:57.884000,0 days 01:48:28.647000,273.0,258.0,235.0,265.0,False,INTERMEDIATE,14.0,False,Haas F1 Team,0 days 01:46:40.249000,,1,10.0,,,False,True
0 days 01:50:17.098000,OCO,31,0 days 00:01:48.487000,15.0,4.0,NaT,NaT,0 days 00:00:32.546000,0 days 00:00:45.131000,0 days 00:00:30.810000,0 days 01:49:01.193000,0 days 01:49:46.324000,0 days 01:50:17.134000,274.0,257.0,237.0,267.0,False,INTERMEDIATE,15.0,False,Haas F1 Team,0 days 01:48:28.611000,,1,10.0,,,False,True
0 days 01:52:06.104000,OCO,31,0 days 00:01:49.006000,16.0,4.0,NaT,NaT,0 days 00:00:32.658000,0 days 00:00:45.312000,0 days 00:00:31.036000,0 days 01:50:49.792000,0 days 01:51:35.104000,0 days 01:52:06.140000,271.0,253.0,233.0,266.0,False,INTERMEDIATE,16.0,False,Haas F1 Team,0 days 01:50:17.098000,,1,10.0,,,False,True
0 days 01:53:54.543000,OCO,31,0 days 00:01:48.439000,17.0,4.0,NaT,NaT,0 days 00:00:32.660000,0 days 00:00:45.053000,0 days 00:00:30.726000,0 days 01:52:38.800000,0 days 01:53:23.853000,0 days 01:53:54.579000,272.0,257.0,239.0,265.0,False,INTERMEDIATE,17.0,False,Haas F1 Team,0 days 01:52:06.104000,,1,10.0,,,False,True
0 days 01:55:42.754000,OCO,31,0 days 00:01:48.211000,18.0,4.0,NaT,NaT,0 days 00:00:32.722000,0 days 00:00:45.019000,0 days 00:00:30.470000,0 days 01:54:27.301000,0 days 01:55:12.320000,0 days 01:55:42.790000,272.0,257.0,240.0,266.0,False,INTERMEDIATE,18.0,False,Haas F1 Team,0 days 01:53:54.543000,,1,10.0,,,False,True
0 days 01:57:31.055000,OCO,31,0 days 00:01:48.301000,19.0,4.0,NaT,NaT,0 days 00:00:32.735000,0 days 00:00:45.277000,0 days 00:00:30.289000,0 days 01:56:15.525000,0 days 01:57:00.802000,0 days 01:57:31.091000,273.0,257.0,240.0,268.0,False,INTERMEDIATE,19.0,False,Haas F1 Team,0 days 01:55:42.754000,,1,10.0,,,False,True
0 days 01:59:21.807000,OCO,31,0 days 00:01:50.752000,20.0,4.0,NaT,NaT,0 days 00:00:33.386000,0 days 00:00:45.931000,0 days 00:00:31.435000,0 days 01:58:04.477000,0 days 01:58:50.408000,0 days 01:59:21.843000,272.0,263.0,213.0,266.0,False,INTERMEDIATE,20.0,False,Haas F1 Team,0 days 01:57:31.055000,,12,10.0,,,False,True
0 days 01:20:58.438000,LIN,41,NaT,1.0,1.0,NaT,NaT,NaT,0 days 00:00:48.521000,0 days 00:00:33.108000,NaT,0 days 01:20:25.542000,0 days 01:20:58.536000,247.0,254.0,159.0,191.0,False,INTERMEDIATE,1.0,True,Racing Bulls,0 days 01:18:55.812000,,12,15.0,,,False,False
0 days 01:23:35.295000,LIN,41,NaT,2.0,1.0,NaT,0 days 01:23:29.456000,0 days 00:00:45.159000,0 days 00:01:01.192000,0 days 00:00:50.419000,0 days 01:21:43.864000,0 days 01:22:45.125000,0 days 01:23:35.393000,136.0,186.0,,225.0,False,INTERMEDIATE,2.0,True,Racing Bulls,0 days 01:20:58.438000,,24,14.0,,,False,False
0 days 01:26:14.337000,LIN,41,NaT,3.0,2.0,0 days 01:23:47.841000,0 days 01:26:08.539000,0 days 00:00:50.974000,0 days 00:00:59.537000,0 days 00:00:48.533000,0 days 01:24:26.457000,0 days 01:25:26.017000,0 days 01:26:14.435000,174.0,75.0,,225.0,False,INTERMEDIATE,3.0,False,Racing Bulls,0 days 01:23:35.295000,,4,12.0,,,False,False
0 days 01:29:07.352000,LIN,41,NaT,4.0,3.0,0 days 01:26:26.849000,0 days 01:29:01.566000,0 days 00:01:22.003000,0 days 00:00:48.880000,0 days 00:00:42.125000,0 days 01:27:36.510000,0 days 01:28:25.325000,0 days 01:29:07.584000,233.0,120.0,,225.0,False,INTERMEDIATE,4.0,False,Racing Bulls,0 days 01:26:14.337000,,4,17.0,,,False,False
0 days 01:31:42.371000,LIN,41,NaT,5.0,4.0,0 days 01:29:32.889000,NaT,0 days 00:01:00.163000,0 days 00:00:57.027000,0 days 00:00:37.822000,0 days 01:30:07.701000,0 days 01:31:04.680000,0 days 01:31:42.527000,232.0,151.0,222.0,225.0,False,INTERMEDIATE,5.0,False,Racing Bulls,0 days 01:29:07.352000,,4,17.0,,,False,False
0 days 01:34:02.916000,LIN,41,0 days 00:02:20.545000,6.0,4.0,NaT,NaT,0 days 00:00:39.150000,0 days 00:00:59.849000,0 days 00:00:41.546000,0 days 01:32:21.619000,0 days 01:33:21.468000,0 days 01:34:03.014000,219.0,200.0,234.0,244.0,True,INTERMEDIATE,6.0,False,Racing Bulls,0 days 01:31:42.371000,,41,14.0,,,False,False
0 days 01:35:53.022000,LIN,41,0 days 00:01:50.106000,7.0,4.0,NaT,NaT,0 days 00:00:33.083000,0 days 00:00:45.738000,0 days 00:00:31.285000,0 days 01:34:36.097000,0 days 01:35:21.835000,0 days 01:35:53.120000,278.0,253.0,235.0,256.0,True,INTERMEDIATE,7.0,False,Racing Bulls,0 days 01:34:02.916000,,12,14.0,,,False,True
0 days 01:37:42.761000,LIN,41,0 days 00:01:49.739000,8.0,4.0,NaT,NaT,0 days 00:00:32.659000,0 days 00:00:45.683000,0 days 00:00:31.397000,0 days 01:36:25.779000,0 days 01:37:11.462000,0 days 01:37:42.859000,273.0,254.0,235.0,269.0,True,INTERMEDIATE,8.0,False,Racing Bulls,0 days 01:35:53.022000,,1,14.0,,,False,True
0 days 01:39:32.825000,LIN,41,0 days 00:01:50.064000,9.0,4.0,NaT,NaT,0 days 00:00:32.674000,0 days 00:00:45.883000,0 days 00:00:31.507000,0 days 01:38:15.533000,0 days 01:39:01.416000,0 days 01:39:32.923000,277.0,255.0,236.0,263.0,False,INTERMEDIATE,9.0,False,Racing Bulls,0 days 01:37:42.761000,,1,14.0,,,False,True
0 days 01:41:22.747000,LIN,41,0 days 00:01:49.922000,10.0,4.0,NaT,NaT,0 days 00:00:32.691000,0 days 00:00:45.682000,0 days 00:00:31.549000,0 days 01:40:05.614000,0 days 01:40:51.296000,0 days 01:41:22.845000,279.0,256.0,232.0,270.0,False,INTERMEDIATE,10.0,False,Racing Bulls,0 days 01:39:32.825000,,1,14.0,,,False,True
0 days 01:43:12.698000,LIN,41,0 days 00:01:49.951000,11.0,4.0,NaT,NaT,0 days 00:00:32.684000,0 days 00:00:45.754000,0 days 00:00:31.513000,0 days 01:41:55.529000,0 days 01:42:41.283000,0 days 01:43:12.796000,277.0,255.0,234.0,268.0,False,INTERMEDIATE,11.0,False,Racing Bulls,0 days 01:41:22.747000,,1,14.0,,,False,True
0 days 01:45:02.584000,LIN,41,0 days 00:01:49.886000,12.0,4.0,NaT,NaT,0 days 00:00:32.926000,0 days 00:00:45.573000,0 days 00:00:31.387000,0 days 01:43:45.722000,0 days 01:44:31.295000,0 days 01:45:02.682000,278.0,256.0,231.0,271.0,False,INTERMEDIATE,12.0,False,Racing Bulls,0 days 01:43:12.698000,,1,14.0,,,False,True
0 days 01:46:52.655000,LIN,41,0 days 00:01:50.071000,13.0,4.0,NaT,NaT,0 days 00:00:32.953000,0 days 00:00:45.521000,0 days 00:00:31.597000,0 days 01:45:35.635000,0 days 01:46:21.156000,0 days 01:46:52.753000,278.0,256.0,233.0,274.0,False,INTERMEDIATE,13.0,False,Racing Bulls,0 days 01:45:02.584000,,1,14.0,,,False,True
0 days 01:48:42.778000,LIN,41,0 days 00:01:50.123000,14.0,4.0,NaT,NaT,0 days 00:00:32.998000,0 days 00:00:45.567000,0 days 00:00:31.558000,0 days 01:47:25.751000,0 days 01:48:11.318000,0 days 01:48:42.876000,279.0,256.0,234.0,273.0,False,INTERMEDIATE,14.0,False,Racing Bulls,0 days 01:46:52.655000,,1,14.0,,,False,True
0 days 01:50:32.323000,LIN,41,0 days 00:01:49.545000,15.0,4.0,NaT,NaT,0 days 00:00:33.056000,0 days 00:00:45.281000,0 days 00:00:31.208000,0 days 01:49:15.932000,0 days 01:50:01.213000,0 days 01:50:32.421000,278.0,256.0,235.0,272.0,True,INTERMEDIATE,15.0,False,Racing Bulls,0 days 01:48:42.778000,,1,14.0,,,False,True
0 days 01:52:21.647000,LIN,41,0 days 00:01:49.324000,16.0,4.0,NaT,NaT,0 days 00:00:32.853000,0 days 00:00:45.204000,0 days 00:00:31.267000,0 days 01:51:05.274000,0 days 01:51:50.478000,0 days 01:52:21.745000,278.0,254.0,235.0,274.0,True,INTERMEDIATE,16.0,False,Racing Bulls,0 days 01:50:32.323000,,1,14.0,,,False,True
0 days 01:54:10.798000,LIN,41,0 days 00:01:49.151000,17.0,4.0,NaT,NaT,0 days 00:00:32.911000,0 days 00:00:45.139000,0 days 00:00:31.101000,0 days 01:52:54.656000,0 days 01:53:39.795000,0 days 01:54:10.896000,278.0,255.0,237.0,273.0,True,INTERMEDIATE,17.0,False,Racing Bulls,0 days 01:52:21.647000,,1,14.0,,,False,True
0 days 01:55:59.710000,LIN,41,0 days 00:01:48.912000,18.0,4.0,NaT,NaT,0 days 00:00:32.872000,0 days 00:00:45.173000,0 days 00:00:30.867000,0 days 01:54:43.768000,0 days 01:55:28.941000,0 days 01:55:59.808000,278.0,255.0,238.0,274.0,True,INTERMEDIATE,18.0,False,Racing Bulls,0 days 01:54:10.798000,,1,14.0,,,False,True
0 days 01:57:48.394000,LIN,41,0 days 00:01:48.684000,19.0,4.0,NaT,NaT,0 days 00:00:32.850000,0 days 00:00:44.960000,0 days 00:00:30.874000,0 days 01:56:32.658000,0 days 01:57:17.618000,0 days 01:57:48.492000,278.0,255.0,238.0,275.0,True,INTERMEDIATE,19.0,False,Racing Bulls,0 days 01:55:59.710000,,12,14.0,,,False,True
0 days 01:59:39.959000,LIN,41,0 days 00:01:51.565000,20.0,4.0,NaT,NaT,0 days 00:00:34.465000,0 days 00:00:45.790000,0 days 00:00:31.310000,0 days 01:58:22.957000,0 days 01:59:08.747000,0 days 01:59:40.057000,279.0,253.0,233.0,275.0,False,INTERMEDIATE,20.0,False,Racing Bulls,0 days 01:57:48.394000,,2,13.0,,,False,True
0 days 01:20:57.356000,COL,43,NaT,1.0,1.0,NaT,NaT,NaT,0 days 00:00:48.641000,0 days 00:00:32.804000,NaT,0 days 01:20:24.692000,0 days 01:20:57.356000,239.0,242.0,209.0,205.0,False,INTERMEDIATE,1.0,True,Alpine,0 days 01:18:55.812000,,12,13.0,,,False,False
0 days 01:23:31.256000,COL,43,NaT,2.0,1.0,NaT,0 days 01:23:25.206000,0 days 00:00:43.172000,0 days 00:01:01.967000,0 days 00:00:48.747000,0 days 01:21:40.622000,0 days 01:22:42.625000,0 days 01:23:31.256000,120.0,187.0,,199.0,False,INTERMEDIATE,2.0,True,Alpine,0 days 01:20:57.356000,,24,12.0,,,False,False
0 days 01:20:48.950000,HAM,44,NaT,1.0,1.0,NaT,NaT,NaT,0 days 00:00:45.056000,0 days 00:00:31.506000,NaT,0 days 01:20:17.665000,0 days 01:20:49.040000,269.0,258.0,234.0,206.0,False,INTERMEDIATE,1.0,True,Ferrari,0 days 01:18:55.812000,,12,3.0,,,False,False
0 days 01:23:12.444000,HAM,44,0 days 00:02:23.494000,2.0,1.0,NaT,0 days 01:23:06.535000,0 days 00:00:32.615000,0 days 00:01:03.714000,0 days 00:00:47.165000,0 days 01:21:21.638000,0 days 01:22:25.352000,0 days 01:23:12.517000,270.0,214.0,,268.0,False,INTERMEDIATE,2.0,True,Ferrari,0 days 01:20:48.950000,,24,2.0,,,False,False
0 days 01:25:53.712000,HAM,44,NaT,3.0,2.0,0 days 01:23:25.050000,0 days 01:25:47.879000,0 days 00:00:49.282000,0 days 00:01:01.978000,0 days 00:00:50.006000,0 days 01:24:01.801000,0 days 01:25:03.855000,0 days 01:25:53.826000,200.0,193.0,,268.0,False,INTERMEDIATE,3.0,False,Ferrari,0 days 01:23:12.444000,,4,2.0,,,False,False
0 days 01:28:37.466000,HAM,44,NaT,4.0,3.0,0 days 01:26:07.164000,0 days 01:28:31.540000,0 days 00:00:51.616000,0 days 00:00:59.499000,0 days 00:00:52.555000,0 days 01:26:45.549000,0 days 01:27:44.984000,0 days 01:28:37.597000,206.0,154.0,,268.0,False,INTERMEDIATE,4.0,False,Ferrari,0 days 01:25:53.712000,,4,2.0,,,False,False
0 days 01:31:17.908000,HAM,44,NaT,5.0,4.0,0 days 01:28:54.983000,NaT,0 days 00:00:59.354000,0 days 00:00:58.862000,0 days 00:00:42.257000,0 days 01:29:36.904000,0 days 01:30:35.877000,0 days 01:31:17.981000,170.0,142.0,163.0,268.0,False,INTERMEDIATE,5.0,False,Ferrari,0 days 01:28:37.466000,,4,2.0,,,False,False
0 days 01:33:53.751000,HAM,44,NaT,6.0,4.0,NaT,NaT,0 days 00:00:43.389000,0 days 00:00:57.877000,0 days 00:00:54.634000,0 days 01:32:01.333000,0 days 01:32:59.246000,0 days 01:33:53.934000,221.0,187.0,238.0,136.0,False,INTERMEDIATE,6.0,False,Ferrari,0 days 01:31:17.908000,,41,2.0,,,False,False
0 days 01:35:40.332000,HAM,44,0 days 00:01:46.581000,7.0,4.0,NaT,NaT,0 days 00:00:32.018000,0 days 00:00:43.999000,0 days 00:00:30.564000,0 days 01:34:25.842000,0 days 01:35:09.841000,0 days 01:35:40.405000,276.0,258.0,236.0,269.0,True,INTERMEDIATE,7.0,False,Ferrari,0 days 01:33:53.751000,,12,2.0,,,False,True
0 days 01:37:27.113000,HAM,44,0 days 00:01:46.781000,8.0,4.0,NaT,NaT,0 days 00:00:31.908000,0 days 00:00:44.232000,0 days 00:00:30.641000,0 days 01:36:12.313000,0 days 01:36:56.545000,0 days 01:37:27.186000,270.0,257.0,238.0,262.0,False,INTERMEDIATE,8.0,False,Ferrari,0 days 01:35:40.332000,,1,2.0,,,False,True
0 days 01:39:13.990000,HAM,44,0 days 00:01:46.877000,9.0,4.0,NaT,NaT,0 days 00:00:31.883000,0 days 00:00:44.308000,0 days 00:00:30.686000,0 days 01:37:59.069000,0 days 01:38:43.377000,0 days 01:39:14.063000,272.0,260.0,238.0,267.0,False,INTERMEDIATE,9.0,False,Ferrari,0 days 01:37:27.113000,,1,2.0,,,False,True
0 days 01:41:00.655000,HAM,44,0 days 00:01:46.665000,10.0,4.0,NaT,NaT,0 days 00:00:31.845000,0 days 00:00:44.155000,0 days 00:00:30.665000,0 days 01:39:45.908000,0 days 01:40:30.063000,0 days 01:41:00.728000,272.0,259.0,239.0,266.0,False,INTERMEDIATE,10.0,False,Ferrari,0 days 01:39:13.990000,,1,2.0,,,False,True
0 days 01:42:47.771000,HAM,44,0 days 00:01:47.116000,11.0,4.0,NaT,NaT,0 days 00:00:32.107000,0 days 00:00:44.305000,0 days 00:00:30.704000,0 days 01:41:32.835000,0 days 01:42:17.140000,0 days 01:42:47.844000,272.0,261.0,230.0,265.0,False,INTERMEDIATE,11.0,False,Ferrari,0 days 01:41:00.655000,,1,2.0,,,False,True
0 days 01:44:35.330000,HAM,44,0 days 00:01:47.559000,12.0,4.0,NaT,NaT,0 days 00:00:32.259000,0 days 00:00:44.405000,0 days 00:00:30.895000,0 days 01:43:20.103000,0 days 01:44:04.508000,0 days 01:44:35.403000,272.0,258.0,234.0,265.0,False,INTERMEDIATE,12.0,False,Ferrari,0 days 01:42:47.771000,,1,2.0,,,False,True
0 days 01:46:22.793000,HAM,44,0 days 00:01:47.463000,13.0,4.0,NaT,NaT,0 days 00:00:32.317000,0 days 00:00:44.408000,0 days 00:00:30.738000,0 days 01:45:07.720000,0 days 01:45:52.128000,0 days 01:46:22.866000,272.0,259.0,234.0,263.0,False,INTERMEDIATE,13.0,False,Ferrari,0 days 01:44:35.330000,,1,2.0,,,False,True
0 days 01:48:10.177000,HAM,44,0 days 00:01:47.384000,14.0,4.0,NaT,NaT,0 days 00:00:32.411000,0 days 00:00:44.233000,0 days 00:00:30.740000,0 days 01:46:55.277000,0 days 01:47:39.510000,0 days 01:48:10.250000,272.0,258.0,230.0,264.0,False,INTERMEDIATE,14.0,False,Ferrari,0 days 01:46:22.793000,,1,2.0,,,False,True
0 days 01:49:56.988000,HAM,44,0 days 00:01:46.811000,15.0,4.0,NaT,NaT,0 days 00:00:32.404000,0 days 00:00:44.113000,0 days 00:00:30.294000,0 days 01:48:42.654000,0 days 01:49:26.767000,0 days 01:49:57.061000,271.0,259.0,235.0,265.0,False,INTERMEDIATE,15.0,False,Ferrari,0 days 01:48:10.177000,,1,2.0,,,False,True
0 days 01:51:43.395000,HAM,44,0 days 00:01:46.407000,16.0,4.0,NaT,NaT,0 days 00:00:32.278000,0 days 00:00:43.992000,0 days 00:00:30.137000,0 days 01:50:29.339000,0 days 01:51:13.331000,0 days 01:51:43.468000,271.0,255.0,238.0,263.0,True,INTERMEDIATE,16.0,False,Ferrari,0 days 01:49:56.988000,,1,2.0,,,False,True
0 days 01:53:29.585000,HAM,44,0 days 00:01:46.190000,17.0,4.0,NaT,NaT,0 days 00:00:32.385000,0 days 00:00:43.817000,0 days 00:00:29.988000,0 days 01:52:15.853000,0 days 01:52:59.670000,0 days 01:53:29.658000,273.0,262.0,239.0,268.0,True,INTERMEDIATE,17.0,False,Ferrari,0 days 01:51:43.395000,,1,2.0,,,False,True
0 days 01:55:15.211000,HAM,44,0 days 00:01:45.626000,18.0,4.0,NaT,NaT,0 days 00:00:32.350000,0 days 00:00:43.432000,0 days 00:00:29.844000,0 days 01:54:02.008000,0 days 01:54:45.440000,0 days 01:55:15.284000,271.0,258.0,240.0,264.0,True,INTERMEDIATE,18.0,False,Ferrari,0 days 01:53:29.585000,,1,2.0,,,False,True
0 days 01:57:01.301000,HAM,44,0 days 00:01:46.090000,19.0,4.0,NaT,NaT,0 days 00:00:32.704000,0 days 00:00:43.729000,0 days 00:00:29.657000,0 days 01:55:47.988000,0 days 01:56:31.717000,0 days 01:57:01.374000,271.0,258.0,241.0,267.0,False,INTERMEDIATE,19.0,False,Ferrari,0 days 01:55:15.211000,,1,2.0,,,False,True
0 days 01:58:46.758000,HAM,44,0 days 00:01:45.457000,20.0,4.0,NaT,NaT,0 days 00:00:32.099000,0 days 00:00:43.646000,0 days 00:00:29.712000,0 days 01:57:33.473000,0 days 01:58:17.119000,0 days 01:58:46.831000,274.0,261.0,241.0,268.0,True,INTERMEDIATE,20.0,False,Ferrari,0 days 01:57:01.301000,,12,2.0,,,False,True
0 days 01:20:59.683000,BOR,5,NaT,1.0,1.0,NaT,NaT,NaT,0 days 00:00:48.777000,0 days 00:00:33.177000,NaT,0 days 01:20:26.616000,0 days 01:20:59.683000,231.0,234.0,183.0,189.0,False,INTERMEDIATE,1.0,True,Audi,0 days 01:18:55.812000,,12,17.0,,,False,False
0 days 01:23:39.566000,BOR,5,NaT,2.0,1.0,NaT,0 days 01:23:33.657000,0 days 00:00:46.411000,0 days 00:01:02.085000,0 days 00:00:51.298000,0 days 01:21:46.247000,0 days 01:22:48.359000,0 days 01:23:39.566000,140.0,183.0,,218.0,False,INTERMEDIATE,2.0,True,Audi,0 days 01:20:59.683000,,24,16.0,,,False,False
0 days 01:26:17.152000,BOR,5,NaT,3.0,2.0,0 days 01:23:52.097000,0 days 01:26:11.358000,0 days 00:00:49.707000,0 days 00:00:58.454000,0 days 00:00:49.519000,0 days 01:24:29.267000,0 days 01:25:27.851000,0 days 01:26:17.152000,179.0,64.0,,218.0,False,INTERMEDIATE,3.0,False,Audi,0 days 01:23:39.566000,,4,14.0,,,False,False
0 days 01:28:55.468000,BOR,5,NaT,4.0,3.0,0 days 01:26:29.665000,0 days 01:28:49.622000,0 days 00:00:50.733000,0 days 00:00:57.664000,0 days 00:00:49.881000,0 days 01:27:08.075000,0 days 01:28:05.601000,0 days 01:28:55.468000,207.0,158.0,,218.0,False,INTERMEDIATE,1.0,False,Audi,0 days 01:26:17.152000,,4,13.0,,,False,False
0 days 01:31:33.025000,BOR,5,NaT,5.0,4.0,0 days 01:29:22.861000,NaT,0 days 00:01:01.870000,0 days 00:00:57.748000,0 days 00:00:37.823000,0 days 01:29:57.454000,0 days 01:30:55.210000,0 days 01:31:33.029000,237.0,153.0,212.0,218.0,False,INTERMEDIATE,5.0,False,Audi,0 days 01:28:55.468000,,4,13.0,,,False,False
0 days 01:34:08.445000,BOR,5,NaT,6.0,4.0,NaT,0 days 01:34:02.442000,0 days 00:00:40.959000,0 days 00:01:03.290000,0 days 00:00:51.231000,0 days 01:32:14.034000,0 days 01:33:17.214000,0 days 01:34:08.498000,150.0,169.0,,194.0,False,INTERMEDIATE,6.0,False,Audi,0 days 01:31:33.025000,,41,15.0,,,False,False
0 days 01:21:03.974000,SAI,55,NaT,1.0,1.0,0 days 01:19:08.723000,NaT,NaT,0 days 00:00:47.655000,0 days 00:00:34.255000,NaT,0 days 01:20:29.977000,0 days 01:21:04.142000,253.0,212.0,173.0,,False,INTERMEDIATE,1.0,True,Williams,0 days 01:18:55.812000,,12,20.0,,,False,False
0 days 01:23:45.814000,SAI,55,NaT,2.0,1.0,NaT,0 days 01:23:39.566000,0 days 00:00:46.985000,0 days 00:01:00.925000,0 days 00:00:54,0 days 01:21:51.281000,0 days 01:22:52.203000,0 days 01:23:45.982000,115.0,188.0,,199.0,False,INTERMEDIATE,2.0,True,Williams,0 days 01:21:03.974000,,24,19.0,,,False,False
0 days 01:26:24.648000,SAI,55,NaT,3.0,2.0,0 days 01:23:59.098000,0 days 01:26:18.350000,0 days 00:00:47.469000,0 days 00:00:57.562000,0 days 00:00:53.713000,0 days 01:24:33.673000,0 days 01:25:31.183000,0 days 01:26:24.816000,186.0,91.0,,199.0,False,INTERMEDIATE,3.0,False,Williams,0 days 01:23:45.814000,,4,17.0,,,False,False
0 days 01:29:00.476000,SAI,55,NaT,4.0,3.0,0 days 01:26:37.869000,0 days 01:28:54.249000,0 days 00:00:49.058000,0 days 00:00:57.306000,0 days 00:00:49.447000,0 days 01:27:14.016000,0 days 01:28:11.221000,0 days 01:29:00.644000,241.0,149.0,,199.0,False,INTERMEDIATE,4.0,False,Williams,0 days 01:26:24.648000,,4,16.0,,,False,False
0 days 01:31:39.941000,SAI,55,NaT,5.0,4.0,0 days 01:29:29.637000,NaT,0 days 00:01:03.529000,0 days 00:00:57.380000,0 days 00:00:38.575000,0 days 01:30:04.327000,0 days 01:31:01.538000,0 days 01:31:40.215000,257.0,176.0,215.0,199.0,False,INTERMEDIATE,5.0,False,Williams,0 days 01:29:00.476000,,4,16.0,,,False,False
0 days 01:34:02.202000,SAI,55,0 days 00:02:22.261000,6.0,4.0,NaT,NaT,0 days 00:00:38.579000,0 days 00:01:01.602000,0 days 00:00:42.080000,0 days 01:32:18.688000,0 days 01:33:20.290000,0 days 01:34:02.370000,221.0,205.0,227.0,241.0,True,INTERMEDIATE,6.0,False,Williams,0 days 01:31:39.941000,,41,13.0,,,False,False
0 days 01:35:51.734000,SAI,55,0 days 00:01:49.532000,7.0,4.0,NaT,NaT,0 days 00:00:32.863000,0 days 00:00:45.309000,0 days 00:00:31.360000,0 days 01:34:35.233000,0 days 01:35:20.542000,0 days 01:35:51.902000,275.0,263.0,233.0,262.0,True,INTERMEDIATE,7.0,False,Williams,0 days 01:34:02.202000,,12,13.0,,,False,True
0 days 01:37:41.430000,SAI,55,0 days 00:01:49.696000,8.0,4.0,NaT,NaT,0 days 00:00:32.566000,0 days 00:00:45.607000,0 days 00:00:31.523000,0 days 01:36:24.468000,0 days 01:37:10.075000,0 days 01:37:41.598000,273.0,260.0,234.0,271.0,False,INTERMEDIATE,8.0,False,Williams,0 days 01:35:51.734000,,1,13.0,,,False,True
0 days 01:39:31.672000,SAI,55,0 days 00:01:50.242000,9.0,4.0,NaT,NaT,0 days 00:00:32.870000,0 days 00:00:45.775000,0 days 00:00:31.597000,0 days 01:38:14.468000,0 days 01:39:00.243000,0 days 01:39:31.840000,268.0,236.0,235.0,271.0,False,INTERMEDIATE,9.0,False,Williams,0 days 01:37:41.430000,,1,13.0,,,False,True
0 days 01:41:21.695000,SAI,55,0 days 00:01:50.023000,10.0,4.0,NaT,NaT,0 days 00:00:32.883000,0 days 00:00:45.684000,0 days 00:00:31.456000,0 days 01:40:04.723000,0 days 01:40:50.407000,0 days 01:41:21.863000,269.0,256.0,236.0,266.0,False,INTERMEDIATE,10.0,False,Williams,0 days 01:39:31.672000,,1,13.0,,,False,True
0 days 01:43:11.391000,SAI,55,0 days 00:01:49.696000,11.0,4.0,NaT,NaT,0 days 00:00:32.775000,0 days 00:00:45.647000,0 days 00:00:31.274000,0 days 01:41:54.638000,0 days 01:42:40.285000,0 days 01:43:11.559000,275.0,255.0,233.0,275.0,False,INTERMEDIATE,11.0,False,Williams,0 days 01:41:21.695000,,1,13.0,,,False,True
0 days 01:45:00.886000,SAI,55,0 days 00:01:49.495000,12.0,4.0,NaT,NaT,0 days 00:00:32.800000,0 days 00:00:45.458000,0 days 00:00:31.237000,0 days 01:43:44.359000,0 days 01:44:29.817000,0 days 01:45:01.054000,274.0,256.0,230.0,272.0,True,INTERMEDIATE,12.0,False,Williams,0 days 01:43:11.391000,,1,13.0,,,False,True
0 days 01:46:50.775000,SAI,55,0 days 00:01:49.889000,13.0,4.0,NaT,NaT,0 days 00:00:33.171000,0 days 00:00:45.417000,0 days 00:00:31.301000,0 days 01:45:34.225000,0 days 01:46:19.642000,0 days 01:46:50.943000,273.0,258.0,230.0,268.0,False,INTERMEDIATE,13.0,False,Williams,0 days 01:45:00.886000,,1,13.0,,,False,True
0 days 01:48:39.991000,SAI,55,0 days 00:01:49.216000,14.0,4.0,NaT,NaT,0 days 00:00:33.044000,0 days 00:00:45.242000,0 days 00:00:30.930000,0 days 01:47:23.987000,0 days 01:48:09.229000,0 days 01:48:40.159000,275.0,258.0,228.0,272.0,True,INTERMEDIATE,14.0,False,Williams,0 days 01:46:50.775000,,1,13.0,,,False,True
0 days 01:50:29.293000,SAI,55,0 days 00:01:49.302000,15.0,4.0,NaT,NaT,0 days 00:00:32.994000,0 days 00:00:45.281000,0 days 00:00:31.027000,0 days 01:49:13.153000,0 days 01:49:58.434000,0 days 01:50:29.461000,275.0,261.0,232.0,266.0,False,INTERMEDIATE,15.0,False,Williams,0 days 01:48:39.991000,,1,13.0,,,False,True
0 days 01:52:18.612000,SAI,55,0 days 00:01:49.319000,16.0,4.0,NaT,NaT,0 days 00:00:33.023000,0 days 00:00:45.331000,0 days 00:00:30.965000,0 days 01:51:02.484000,0 days 01:51:47.815000,0 days 01:52:18.780000,274.0,258.0,235.0,275.0,False,INTERMEDIATE,16.0,False,Williams,0 days 01:50:29.293000,,1,13.0,,,False,True
0 days 01:54:08.111000,SAI,55,0 days 00:01:49.499000,17.0,4.0,NaT,NaT,0 days 00:00:33.332000,0 days 00:00:45.341000,0 days 00:00:30.826000,0 days 01:52:52.112000,0 days 01:53:37.453000,0 days 01:54:08.279000,272.0,257.0,231.0,277.0,False,INTERMEDIATE,17.0,False,Williams,0 days 01:52:18.612000,,1,13.0,,,False,True
0 days 01:55:57.014000,SAI,55,0 days 00:01:48.903000,18.0,4.0,NaT,NaT,0 days 00:00:33.051000,0 days 00:00:45.229000,0 days 00:00:30.623000,0 days 01:54:41.330000,0 days 01:55:26.559000,0 days 01:55:57.182000,274.0,258.0,236.0,271.0,True,INTERMEDIATE,18.0,False,Williams,0 days 01:54:08.111000,,1,13.0,,,False,True
0 days 01:57:45.657000,SAI,55,0 days 00:01:48.643000,19.0,4.0,NaT,NaT,0 days 00:00:33.296000,0 days 00:00:44.965000,0 days 00:00:30.382000,0 days 01:56:30.478000,0 days 01:57:15.443000,0 days 01:57:45.825000,274.0,264.0,237.0,271.0,True,INTERMEDIATE,19.0,False,Williams,0 days 01:55:57.014000,,12,13.0,,,False,True
0 days 01:59:36.544000,SAI,55,0 days 00:01:50.887000,20.0,4.0,NaT,NaT,0 days 00:00:34.396000,0 days 00:00:45.242000,0 days 00:00:31.249000,0 days 01:58:20.221000,0 days 01:59:05.463000,0 days 01:59:36.712000,277.0,259.0,230.0,275.0,False,INTERMEDIATE,20.0,False,Williams,0 days 01:57:45.657000,,2,12.0,,,False,True
0 days 01:20:56.191000,HAD,6,NaT,1.0,1.0,NaT,NaT,NaT,0 days 00:00:48.222000,0 days 00:00:32.770000,NaT,0 days 01:20:23.466000,0 days 01:20:56.191000,264.0,243.0,165.0,217.0,False,INTERMEDIATE,1.0,True,Red Bull Racing,0 days 01:18:55.812000,,12,11.0,,,False,False
0 days 01:23:28.222000,HAD,6,NaT,2.0,1.0,NaT,0 days 01:23:22.284000,0 days 00:00:40.004000,0 days 00:01:02.066000,0 days 00:00:50.117000,0 days 01:21:36.209000,0 days 01:22:38.200000,0 days 01:23:28.222000,150.0,167.0,,242.0,False,INTERMEDIATE,2.0,True,Red Bull Racing,0 days 01:20:56.191000,,24,10.0,,,False,False
0 days 01:20:46.983000,RUS,63,NaT,1.0,1.0,NaT,NaT,NaT,0 days 00:00:45.087000,0 days 00:00:31.037000,NaT,0 days 01:20:15.946000,0 days 01:21:36.846000,275.0,265.0,190.0,189.0,False,INTERMEDIATE,1.0,True,Mercedes,0 days 01:18:55.812000,,1,1.0,,,False,False
0 days 01:23:16.983000,RUS,63,NaT,2.0,1.0,NaT,NaT,NaT,NaT,NaT,NaT,NaT,NaT,,,,,,INTERMEDIATE,2.0,True,Mercedes,0 days 01:20:46.983000,,124,,,,True,False
0 days 01:21:03.481000,BOT,77,NaT,1.0,1.0,NaT,NaT,NaT,0 days 00:00:49.644000,0 days 00:00:34.360000,NaT,0 days 01:20:29.121000,0 days 01:21:03.633000,226.0,247.0,182.0,167.0,False,INTERMEDIATE,1.0,True,Cadillac,0 days 01:18:55.812000,,12,19.0,,,False,False
0 days 01:23:43.999000,BOT,77,NaT,2.0,1.0,NaT,0 days 01:23:38.046000,0 days 00:00:45.949000,0 days 00:01:01.608000,0 days 00:00:53.107000,0 days 01:21:49.334000,0 days 01:22:51.047000,0 days 01:23:43.999000,139.0,193.0,,229.0,False,INTERMEDIATE,2.0,True,Cadillac,0 days 01:21:03.481000,,24,18.0,,,False,False
0 days 01:26:22.338000,BOT,77,NaT,3.0,2.0,0 days 01:23:56.473000,0 days 01:26:16.474000,0 days 00:00:48.201000,0 days 00:00:58.355000,0 days 00:00:51.794000,0 days 01:24:32.361000,0 days 01:25:30.648000,0 days 01:26:22.338000,184.0,70.0,,229.0,False,INTERMEDIATE,3.0,False,Cadillac,0 days 01:23:43.999000,,4,16.0,,,False,False
0 days 01:28:58.576000,BOT,77,NaT,4.0,3.0,0 days 01:26:34.902000,0 days 01:28:52.608000,0 days 00:00:50.085000,0 days 00:00:57.583000,0 days 00:00:48.525000,0 days 01:27:12.615000,0 days 01:28:10.111000,0 days 01:28:58.576000,258.0,155.0,,229.0,False,INTERMEDIATE,4.0,False,Cadillac,0 days 01:26:22.338000,,4,15.0,,,False,False
0 days 01:31:39.304000,BOT,77,NaT,5.0,4.0,0 days 01:29:28.225000,NaT,0 days 00:01:03.770000,0 days 00:00:58.430000,0 days 00:00:38.453000,0 days 01:30:02.450000,0 days 01:31:00.851000,0 days 01:31:39.355000,257.0,181.0,220.0,229.0,False,INTERMEDIATE,5.0,False,Cadillac,0 days 01:28:58.576000,,4,15.0,,,False,False
0 days 01:34:12.823000,BOT,77,NaT,6.0,4.0,NaT,0 days 01:34:06.928000,0 days 00:00:38.604000,0 days 00:01:01.136000,0 days 00:00:53.846000,0 days 01:32:17.893000,0 days 01:33:18.980000,0 days 01:34:12.823000,220.0,205.0,,258.0,False,INTERMEDIATE,6.0,False,Cadillac,0 days 01:31:39.304000,,41,17.0,,,False,False
0 days 01:20:51.483000,PIA,81,NaT,1.0,1.0,NaT,NaT,NaT,0 days 00:00:46.257000,0 days 00:00:31.909000,NaT,0 days 01:20:19.771000,0 days 01:20:51.569000,257.0,255.0,237.0,196.0,False,INTERMEDIATE,1.0,True,McLaren,0 days 01:18:55.812000,,12,5.0,,,False,False
0 days 01:23:16.963000,PIA,81,0 days 00:02:25.480000,2.0,1.0,NaT,0 days 01:23:11.177000,0 days 00:00:34.865000,0 days 00:01:04.929000,0 days 00:00:45.686000,0 days 01:21:26.423000,0 days 01:22:31.352000,0 days 01:23:17.038000,146.0,175.0,,248.0,False,INTERMEDIATE,2.0,True,McLaren,0 days 01:20:51.483000,,24,4.0,,,False,False
0 days 01:25:58.840000,PIA,81,NaT,3.0,2.0,0 days 01:23:29.472000,0 days 01:25:52.026000,0 days 00:00:49.093000,0 days 00:01:03.317000,0 days 00:00:49.397000,0 days 01:24:06.240000,0 days 01:25:09.549000,0 days 01:25:58.915000,187.0,196.0,,248.0,False,INTERMEDIATE,3.0,False,McLaren,0 days 01:23:16.963000,,4,4.0,,,False,False
0 days 01:28:41.721000,PIA,81,NaT,4.0,3.0,0 days 01:26:11.405000,0 days 01:28:35.604000,0 days 00:00:49.445000,0 days 00:01:01.038000,0 days 00:00:52.396000,0 days 01:26:48.383000,0 days 01:27:49.400000,0 days 01:28:41.815000,111.0,180.0,,248.0,False,INTERMEDIATE,4.0,False,McLaren,0 days 01:25:58.840000,,4,4.0,,,False,False
0 days 01:31:21.149000,PIA,81,NaT,5.0,4.0,0 days 01:28:59.518000,NaT,0 days 00:00:57.382000,0 days 00:01:00.844000,0 days 00:00:41.239000,0 days 01:29:39.169000,0 days 01:30:40.033000,0 days 01:31:21.224000,210.0,195.0,127.0,248.0,False,INTERMEDIATE,5.0,False,McLaren,0 days 01:28:41.721000,,4,4.0,,,False,False
0 days 01:33:54.830000,PIA,81,NaT,6.0,4.0,NaT,NaT,0 days 00:00:42.285000,0 days 00:00:58.201000,0 days 00:00:53.237000,0 days 01:32:03.600000,0 days 01:33:01.714000,0 days 01:33:54.965000,218.0,210.0,237.0,243.0,False,INTERMEDIATE,6.0,False,McLaren,0 days 01:31:21.149000,,41,4.0,,,False,False
0 days 01:35:42.599000,PIA,81,0 days 00:01:47.769000,7.0,4.0,NaT,NaT,0 days 00:00:32.762000,0 days 00:00:44.474000,0 days 00:00:30.533000,0 days 01:34:27.667000,0 days 01:35:12.141000,0 days 01:35:42.674000,276.0,260.0,240.0,273.0,True,INTERMEDIATE,7.0,False,McLaren,0 days 01:33:54.830000,,12,4.0,,,False,True
0 days 01:37:29.754000,PIA,81,0 days 00:01:47.155000,8.0,4.0,NaT,NaT,0 days 00:00:32.121000,0 days 00:00:44.192000,0 days 00:00:30.842000,0 days 01:36:14.795000,0 days 01:36:58.987000,0 days 01:37:29.829000,278.0,264.0,241.0,276.0,True,INTERMEDIATE,8.0,False,McLaren,0 days 01:35:42.599000,,1,4.0,,,False,True
0 days 01:39:17.538000,PIA,81,0 days 00:01:47.784000,9.0,4.0,NaT,NaT,0 days 00:00:32.313000,0 days 00:00:44.656000,0 days 00:00:30.815000,0 days 01:38:02.142000,0 days 01:38:46.798000,0 days 01:39:17.613000,268.0,266.0,239.0,275.0,False,INTERMEDIATE,9.0,False,McLaren,0 days 01:37:29.754000,,1,4.0,,,False,True
0 days 01:41:05.183000,PIA,81,0 days 00:01:47.645000,10.0,4.0,NaT,NaT,0 days 00:00:32.208000,0 days 00:00:44.728000,0 days 00:00:30.709000,0 days 01:39:49.821000,0 days 01:40:34.549000,0 days 01:41:05.258000,268.0,264.0,238.0,276.0,False,INTERMEDIATE,10.0,False,McLaren,0 days 01:39:17.538000,,1,4.0,,,False,True
0 days 01:42:52.819000,PIA,81,0 days 00:01:47.636000,11.0,4.0,NaT,NaT,0 days 00:00:32.431000,0 days 00:00:44.439000,0 days 00:00:30.766000,0 days 01:41:37.689000,0 days 01:42:22.128000,0 days 01:42:52.894000,268.0,264.0,233.0,276.0,False,INTERMEDIATE,11.0,False,McLaren,0 days 01:41:05.183000,,1,4.0,,,False,True
0 days 01:44:40.323000,PIA,81,0 days 00:01:47.504000,12.0,4.0,NaT,NaT,0 days 00:00:32.399000,0 days 00:00:44.357000,0 days 00:00:30.748000,0 days 01:43:25.293000,0 days 01:44:09.650000,0 days 01:44:40.398000,269.0,262.0,239.0,275.0,False,INTERMEDIATE,12.0,False,McLaren,0 days 01:42:52.819000,,1,4.0,,,False,True
0 days 01:46:27.755000,PIA,81,0 days 00:01:47.432000,13.0,4.0,NaT,NaT,0 days 00:00:32.439000,0 days 00:00:44.472000,0 days 00:00:30.521000,0 days 01:45:12.837000,0 days 01:45:57.309000,0 days 01:46:27.830000,270.0,263.0,239.0,276.0,False,INTERMEDIATE,13.0,False,McLaren,0 days 01:44:40.323000,,1,4.0,,,False,True
0 days 01:48:14.843000,PIA,81,0 days 00:01:47.088000,14.0,4.0,NaT,NaT,0 days 00:00:32.480000,0 days 00:00:44.083000,0 days 00:00:30.525000,0 days 01:47:00.310000,0 days 01:47:44.393000,0 days 01:48:14.918000,270.0,264.0,239.0,276.0,True,INTERMEDIATE,14.0,False,McLaren,0 days 01:46:27.755000,,1,4.0,,,False,True
0 days 01:50:02.028000,PIA,81,0 days 00:01:47.185000,15.0,4.0,NaT,NaT,0 days 00:00:32.460000,0 days 00:00:44.177000,0 days 00:00:30.548000,0 days 01:48:47.378000,0 days 01:49:31.555000,0 days 01:50:02.103000,270.0,257.0,238.0,276.0,False,INTERMEDIATE,15.0,False,McLaren,0 days 01:48:14.843000,,1,4.0,,,False,True
0 days 01:51:49.194000,PIA,81,0 days 00:01:47.166000,16.0,4.0,NaT,NaT,0 days 00:00:32.619000,0 days 00:00:44.294000,0 days 00:00:30.253000,0 days 01:50:34.722000,0 days 01:51:19.016000,0 days 01:51:49.269000,268.0,255.0,240.0,270.0,False,INTERMEDIATE,16.0,False,McLaren,0 days 01:50:02.028000,,1,4.0,,,False,True
0 days 01:53:36.288000,PIA,81,0 days 00:01:47.094000,17.0,4.0,NaT,NaT,0 days 00:00:32.761000,0 days 00:00:44.033000,0 days 00:00:30.300000,0 days 01:52:22.030000,0 days 01:53:06.063000,0 days 01:53:36.363000,270.0,263.0,240.0,272.0,False,INTERMEDIATE,17.0,False,McLaren,0 days 01:51:49.194000,,1,4.0,,,False,True
0 days 01:55:24.130000,PIA,81,0 days 00:01:47.842000,18.0,4.0,NaT,NaT,0 days 00:00:32.787000,0 days 00:00:44.605000,0 days 00:00:30.450000,0 days 01:54:09.150000,0 days 01:54:53.755000,0 days 01:55:24.205000,271.0,256.0,238.0,272.0,False,INTERMEDIATE,18.0,False,McLaren,0 days 01:53:36.288000,,1,4.0,,,False,True
0 days 01:57:11.828000,PIA,81,0 days 00:01:47.698000,19.0,4.0,NaT,NaT,0 days 00:00:32.844000,0 days 00:00:44.653000,0 days 00:00:30.201000,0 days 01:55:57.049000,0 days 01:56:41.702000,0 days 01:57:11.903000,271.0,257.0,240.0,276.0,False,INTERMEDIATE,19.0,False,McLaren,0 days 01:55:24.130000,,1,4.0,,,False,True
0 days 01:59:41.828000,PIA,81,NaT,20.0,4.0,NaT,NaT,NaT,NaT,NaT,NaT,NaT,NaT,,,,,,INTERMEDIATE,20.0,False,McLaren,0 days 01:57:11.828000,,12,,,,True,False
0 days 01:20:54.851000,BEA,87,NaT,1.0,1.0,NaT,NaT,NaT,0 days 00:00:46.939000,0 days 00:00:32.378000,NaT,0 days 01:20:22.533000,0 days 01:20:54.921000,256.0,256.0,232.0,210.0,False,INTERMEDIATE,1.0,True,Haas F1 Team,0 days 01:18:55.812000,,12,10.0,,,False,False
0 days 01:23:27.037000,BEA,87,NaT,2.0,1.0,NaT,0 days 01:23:20.333000,0 days 00:00:39.980000,0 days 00:01:02.771000,0 days 00:00:49.507000,0 days 01:21:34.846000,0 days 01:22:37.672000,0 days 01:23:27.097000,125.0,131.0,,215.0,False,INTERMEDIATE,2.0,True,Haas F1 Team,0 days 01:20:54.851000,,24,9.0,,,False,False
0 days 01:26:05.633000,BEA,87,NaT,3.0,2.0,0 days 01:23:39.566000,0 days 01:25:58.483000,0 days 00:00:47.193000,0 days 00:01:01.925000,0 days 00:00:49.506000,0 days 01:24:14.262000,0 days 01:25:16.269000,0 days 01:26:05.789000,233.0,198.0,,215.0,False,INTERMEDIATE,3.0,False,Haas F1 Team,0 days 01:23:27.037000,,4,9.0,,,False,False
0 days 01:28:49.215000,BEA,87,NaT,4.0,3.0,0 days 01:26:18.554000,0 days 01:28:42.985000,0 days 00:00:49.166000,0 days 00:01:03.792000,0 days 00:00:50.550000,0 days 01:26:55.019000,0 days 01:27:58.725000,0 days 01:28:49.356000,213.0,111.0,,215.0,False,INTERMEDIATE,4.0,False,Haas F1 Team,0 days 01:26:05.633000,,4,9.0,,,False,False
0 days 01:31:25.798000,BEA,87,NaT,5.0,4.0,0 days 01:29:10.062000,NaT,0 days 00:00:57.554000,0 days 00:01:01.456000,0 days 00:00:37.546000,0 days 01:29:46.872000,0 days 01:30:48.320000,0 days 01:31:25.858000,213.0,123.0,129.0,215.0,False,INTERMEDIATE,5.0,False,Haas F1 Team,0 days 01:28:49.215000,,4,9.0,,,False,False
0 days 01:33:56.547000,BEA,87,NaT,6.0,4.0,NaT,NaT,0 days 00:00:43.335000,0 days 00:01:00.160000,0 days 00:00:47.361000,0 days 01:32:09.128000,0 days 01:33:09.246000,0 days 01:33:56.809000,205.0,183.0,233.0,209.0,False,INTERMEDIATE,6.0,False,Haas F1 Team,0 days 01:31:25.798000,,41,9.0,,,False,False
0 days 01:35:46.035000,BEA,87,0 days 00:01:49.488000,7.0,4.0,NaT,NaT,0 days 00:00:33.161000,0 days 00:00:45.307000,0 days 00:00:31.020000,0 days 01:34:29.768000,0 days 01:35:15.075000,0 days 01:35:46.095000,273.0,260.0,239.0,271.0,True,INTERMEDIATE,7.0,False,Haas F1 Team,0 days 01:33:56.547000,,12,8.0,,,False,True
0 days 01:37:34.943000,BEA,87,0 days 00:01:48.908000,8.0,4.0,NaT,NaT,0 days 00:00:32.779000,0 days 00:00:44.999000,0 days 00:00:31.130000,0 days 01:36:18.874000,0 days 01:37:03.873000,0 days 01:37:35.003000,269.0,258.0,238.0,261.0,True,INTERMEDIATE,8.0,False,Haas F1 Team,0 days 01:35:46.035000,,1,8.0,,,False,True
0 days 01:39:23.398000,BEA,87,0 days 00:01:48.455000,9.0,4.0,NaT,NaT,0 days 00:00:32.531000,0 days 00:00:45.215000,0 days 00:00:30.709000,0 days 01:38:07.534000,0 days 01:38:52.749000,0 days 01:39:23.458000,275.0,258.0,239.0,266.0,True,INTERMEDIATE,9.0,False,Haas F1 Team,0 days 01:37:34.943000,,1,8.0,,,False,True
0 days 01:41:11.466000,BEA,87,0 days 00:01:48.068000,10.0,4.0,NaT,NaT,0 days 00:00:32.470000,0 days 00:00:44.872000,0 days 00:00:30.726000,0 days 01:39:55.928000,0 days 01:40:40.800000,0 days 01:41:11.526000,275.0,260.0,238.0,267.0,True,INTERMEDIATE,10.0,False,Haas F1 Team,0 days 01:39:23.398000,,1,8.0,,,False,True
0 days 01:42:59.264000,BEA,87,0 days 00:01:47.798000,11.0,4.0,NaT,NaT,0 days 00:00:32.293000,0 days 00:00:44.887000,0 days 00:00:30.618000,0 days 01:41:43.819000,0 days 01:42:28.706000,0 days 01:42:59.324000,275.0,258.0,240.0,268.0,True,INTERMEDIATE,11.0,False,Haas F1 Team,0 days 01:41:11.466000,,1,8.0,,,False,True
0 days 01:44:47.322000,BEA,87,0 days 00:01:48.058000,12.0,4.0,NaT,NaT,0 days 00:00:32.346000,0 days 00:00:45.019000,0 days 00:00:30.693000,0 days 01:43:31.670000,0 days 01:44:16.689000,0 days 01:44:47.382000,274.0,258.0,237.0,268.0,False,INTERMEDIATE,12.0,False,Haas F1 Team,0 days 01:42:59.264000,,1,8.0,,,False,True
0 days 01:46:35.267000,BEA,87,0 days 00:01:47.945000,13.0,4.0,NaT,NaT,0 days 00:00:32.400000,0 days 00:00:44.977000,0 days 00:00:30.568000,0 days 01:45:19.782000,0 days 01:46:04.759000,0 days 01:46:35.327000,274.0,259.0,237.0,267.0,False,INTERMEDIATE,13.0,False,Haas F1 Team,0 days 01:44:47.322000,,1,8.0,,,False,True
0 days 01:48:23.092000,BEA,87,0 days 00:01:47.825000,14.0,4.0,NaT,NaT,0 days 00:00:32.568000,0 days 00:00:44.738000,0 days 00:00:30.519000,0 days 01:47:07.895000,0 days 01:47:52.633000,0 days 01:48:23.152000,274.0,260.0,236.0,265.0,False,INTERMEDIATE,14.0,False,Haas F1 Team,0 days 01:46:35.267000,,1,8.0,,,False,True
0 days 01:50:10.824000,BEA,87,0 days 00:01:47.732000,15.0,4.0,NaT,NaT,0 days 00:00:32.546000,0 days 00:00:44.807000,0 days 00:00:30.379000,0 days 01:48:55.698000,0 days 01:49:40.505000,0 days 01:50:10.884000,275.0,259.0,237.0,266.0,True,INTERMEDIATE,15.0,False,Haas F1 Team,0 days 01:48:23.092000,,1,8.0,,,False,True
0 days 01:51:58.439000,BEA,87,0 days 00:01:47.615000,16.0,4.0,NaT,NaT,0 days 00:00:32.663000,0 days 00:00:44.774000,0 days 00:00:30.178000,0 days 01:50:43.547000,0 days 01:51:28.321000,0 days 01:51:58.499000,274.0,257.0,237.0,268.0,True,INTERMEDIATE,16.0,False,Haas F1 Team,0 days 01:50:10.824000,,1,8.0,,,False,True
0 days 01:53:45.802000,BEA,87,0 days 00:01:47.363000,17.0,4.0,NaT,NaT,0 days 00:00:32.768000,0 days 00:00:44.534000,0 days 00:00:30.061000,0 days 01:52:31.267000,0 days 01:53:15.801000,0 days 01:53:45.862000,272.0,260.0,240.0,264.0,True,INTERMEDIATE,17.0,False,Haas F1 Team,0 days 01:51:58.439000,,1,8.0,,,False,True
0 days 01:55:32.768000,BEA,87,0 days 00:01:46.966000,18.0,4.0,NaT,NaT,0 days 00:00:32.581000,0 days 00:00:44.463000,0 days 00:00:29.922000,0 days 01:54:18.443000,0 days 01:55:02.906000,0 days 01:55:32.828000,274.0,262.0,240.0,268.0,True,INTERMEDIATE,18.0,False,Haas F1 Team,0 days 01:53:45.802000,,1,8.0,,,False,True
0 days 01:57:19.395000,BEA,87,0 days 00:01:46.627000,19.0,4.0,NaT,NaT,0 days 00:00:32.554000,0 days 00:00:44.287000,0 days 00:00:29.786000,0 days 01:56:05.382000,0 days 01:56:49.669000,0 days 01:57:19.455000,276.0,260.0,241.0,269.0,False,INTERMEDIATE,19.0,False,Haas F1 Team,0 days 01:55:32.768000,,1,8.0,,,False,True
0 days 01:59:08.488000,BEA,87,0 days 00:01:49.093000,20.0,4.0,NaT,NaT,0 days 00:00:33.654000,0 days 00:00:44.994000,0 days 00:00:30.445000,0 days 01:57:53.109000,0 days 01:58:38.103000,0 days 01:59:08.548000,273.0,263.0,236.0,267.0,False,INTERMEDIATE,20.0,False,Haas F1 Team,0 days 01:57:19.395000,,12,6.0,,,False,True
