Position,Driver,Nationality,Team,Car Number,Qualifying Time
1,M. Verstappen,Netherlands,Red Bull,3,1:31.373
2,C. Leclerc,Monaco,Ferrari,16,1:31.427
3,L. Hamilton,United Kingdom,Ferrari,44,1:31.496
4,A.K. Antonelli,Italy,Mercedes,12,1:31.562
5,L. Norris,United Kingdom,McLaren,1,1:31.712
6,G. Russell,United Kingdom,Mercedes,63,1:31.747
7,O. Piastri,Australia,McLaren,81,1:31.860
8,P. Gasly,France,Alpine,10,1:32.225
9,L. Lawson,New Zealand,RB,30,1:32.369
10,A. Lindblad,United Kingdom,RB,41,1:32.781
11,N. Hülkenberg,Germany,Audi,27,1:32.784
12,O. Bearman,United Kingdom,Haas,87,1:32.908
13,E. Ocon,France,Haas,31,1:33.323
14,C. Sainz Jr.,Spain,Williams,55,1:33.526
15,G. Bortoleto,Brazil,Audi,5,1:33.658
16,F. Colapinto,Argentina,Alpine,43,1:33.787
17,F. Alonso,Spain,Aston Martin,14,1:34.223
18,A. Albon,Thailand,Williams,23,1:34.289
19,L. Stroll,Canada,Aston Martin,18,1:34.946
20,S. Pérez,Mexico,Cadillac,11,1:35.123
21,V. Bottas,Finland,Cadillac,77,1:35.984
22,I. Hadjar,France,Red Bull,6,
