Distance,X,Y,Speed,nGear,Throttle,Brake,DRS,TimeSeconds
0.0006365819553478472,-1100.0059592054365,2073.993136886916,0.0,1,29.0,True,0,0.0
0.006063587300863614,-1100.0,2074.0,0.0,1,29.0,True,0,0.066
0.0,-1099.9753658017112,2074.0283708916368,0.0,1,29.0,True,0,0.195
-0.008474731605767697,-1100.0,2074.0,0.0,1,29.0,True,0,0.246
0.0,-1100.1588953501728,2073.817002254001,0.0,1,29.0,True,0,0.355
0.10086286615477862,-1100.0,2074.0,2.3000064,1,29.0,True,0,0.447
0.39999999999999997,-1098.5099295902207,2075.7160950655375,6.0,1,29.0,False,0,0.595
0.9696077771578813,-1095.0,2080.0,9.523548087198801,1,28.412741985466866,False,0,0.807
1.603333333333333,-1092.668479652635,2083.260436194521,12.0,1,28.0,False,0,0.956
2.127250001524716,-1090.0,2087.0,15.900002742857144,1,28.0,False,0,1.047
3.4699999999999998,-1079.2569417351658,2101.765960555548,24.0,1,28.0,False,0,1.236
4.864463091246591,-1069.0,2116.0,29.130001919999998,1,28.85500032,False,0,1.407
5.136666666666667,-1067.6835021029776,2117.872029288045,30.0,1,29.0,False,0,1.436
8.325555555555557,-1057.5842044098642,2132.2369066476667,41.0,1,32.0,False,0,1.716
8.462117578269957,-1057.0,2133.0,41.2750016,1,32.2750016,False,0,1.727
11.343637249043056,-1040.0,2155.0,46.7749952,1,37.7749952,False,0,1.947
12.058888888888891,-1034.4964267551622,2162.542749114103,48.0,1,39.0,False,0,1.996
15.502815061555909,-1008.0,2200.0,57.042859885714286,1,44.275001599999996,False,0,2.207
16.725555555555555,-1001.5815838404226,2209.095701188736,60.0,1,46.0,False,0,2.276
21.52932297896929,-983.0,2235.0,68.3666688,1,50.8805568,False,0,2.527
23.92555555555556,-970.8060476073192,2251.6206538889173,72.0,1,53.0,False,0,2.636
29.792980937190286,-938.0,2296.0,85.12498909090908,1,58.7749952,False,0,2.867
35.781111111111116,-906.647846312959,2338.6886038290854,97.0,2,64.0,False,0,3.076
36.10829194376884,-905.0,2341.0,97.458336,2,64.3666688,False,0,3.087
38.523917758624435,-893.0,2358.0,100.79166933333333,2,67.03333546666667,False,0,3.167
44.1578209728142,-864.0,2398.0,108.29165866666666,2,73.03332693333333,False,0,3.347
46.98111111111111,-847.5825863166747,2420.42759190767,112.0,2,76.0,False,0,3.436
53.17549834239751,-809.0,2473.0,116.7989947809397,2,78.87939686856382,False,0,3.627
53.448611111111106,-807.369013678732,2475.220207365035,117.0,2,79.0,False,0,3.635
60.42015625532181,-768.0,2529.0,130.44,2,86.68,False,0,3.827
60.72638888888889,-766.340925715343,2531.293699098667,131.0,2,87.0,False,0,3.835
71.74671142125618,-708.0,2613.0,145.57142857142858,2,98.65714285714286,False,0,4.107
72.08194444444446,-706.1770897308234,2615.5449613064156,146.0,3,99.0,False,0,4.115
78.53735977108646,-670.0,2666.0,152.65,3,99.0,False,0,4.267
78.88194444444447,-668.0003854142179,2668.808430318253,153.0,3,99.0,False,0,4.275
85.90416666666665,-626.3558975325466,2727.9418956997674,158.0,4,93.0,False,0,4.435
87.35227105855571,-618.0,2740.0,159.33333333333334,4,93.93333333333334,False,0,4.467
96.72159517057707,-566.0,2816.0,167.66666666666666,4,99.76666666666667,False,0,4.667
97.10416666666666,-563.8472503070685,2819.1144486089916,168.0,4,100.0,False,0,4.675
105.4680286072608,-516.0,2888.0,174.4500096,4,100.0,False,0,4.847
108.90416666666667,-496.786976761099,2916.3820916578525,177.0,4,100.0,False,0,4.915
114.75843038863027,-465.0,2964.0,185.4,4,100.0,False,0,5.027
117.30416666666667,-451.34483977080606,2984.4173358215094,189.0,4,100.0,False,0,5.075
125.88194444444446,-406.1207511652638,3051.891539963325,193.0,4,100.0,False,0,5.235
128.73269328243492,-392.0,3073.0,194.7875088,4,100.0,False,0,5.287
143.54374043453282,-312.0,3193.0,203.725,4,100.0,False,0,5.547
144.01527777777775,-308.26081410516633,3198.605437061994,204.0,4,100.0,False,0,5.555
158.10787376250863,-185.0,3383.0,212.96363636363637,4,100.0,False,0,5.787
171.0263888888889,-155.94409981695097,3424.608757858216,221.0,5,100.0,False,0,5.995
174.18212761709702,-147.0,3437.0,221.6375008,5,100.0,False,0,6.046
180.93750000000003,-114.2526144424937,3483.017502794113,223.0,5,100.0,False,0,6.155
190.42179261662352,-53.0,3569.0,226.14583466666667,5,100.0,False,0,6.306
196.1375,-18.6799136036282,3616.4589202951465,228.0,5,100.0,False,0,6.395
203.43560286288857,22.0,3672.0,232.7571456,5,100.0,False,0,6.506
214.80416666666667,80.95051157147905,3750.7455266743664,240.0,6,100.0,False,0,6.675
220.98290230562293,126.0,3807.0,241.7062512,6,100.0,False,0,6.766
236.12059269511576,281.0,3991.0,245.85,6,100.0,False,0,6.987
236.67083333333335,285.9347615673584,3996.72026975745,246.0,6,100.0,False,0,6.995
256.0375,400.15798993717283,4121.172133596941,249.0,6,100.0,False,0,7.275
266.67103009177004,461.0,4174.0,250.89211467516176,6,82.34026303182364,False,0,7.427
272.9075,506.1190227801644,4210.099305135656,252.0,6,72.0,False,0,7.516
292.50750000000005,666.649392469191,4328.349601257942,252.0,6,91.0,False,0,7.796
293.28008210311066,672.0,4332.0,252.0916672,6,91.0,False,0,7.807
309.44083333333333,767.0372928824122,4388.578435818161,254.0,6,91.0,False,0,8.036
317.34185304412,838.0,4415.0,255.18928365714285,6,94.56785097142857,False,0,8.147
329.4297222222223,1006.7401267818223,4464.057091604686,257.0,6,100.0,False,0,8.316
340.24690098959553,1141.0,4498.0,257.75499904,6,100.0,False,0,8.467
343.7630555555556,1166.8645967140953,4503.551223395132,258.0,6,100.0,False,0,8.516
357.5031779975388,1228.0,4509.0,258.95499904,6,100.0,False,0,8.707
358.15194444444444,1232.308442413929,4509.269499722716,259.0,6,100.0,False,0,8.716
377.7688416880896,1427.0,4520.0,260.6937488,6,100.0,False,0,8.987
381.3519444444445,1464.660257532331,4520.551650644691,261.0,7,100.0,False,0,9.036
398.4164778539033,1634.0,4516.0,265.812496,7,100.0,False,0,9.267
399.08527777777783,1640.2106756480548,4515.672586679509,266.0,7,100.0,False,0,9.276
413.3319251296782,1781.0,4504.0,267.7906232,7,100.0,False,0,9.467
422.996388888889,1926.2964965189224,4484.839137307236,269.0,7,100.0,False,0,9.596
431.3320953150196,2044.0,4468.0,269.9249984,7,100.0,False,0,9.707
441.06305555555565,2126.000417849263,4455.96067684054,271.0,7,100.0,False,0,9.836
459.32972222222236,2243.645711992387,4446.462339031005,274.0,7,99.0,False,0,10.076
460.16870300270625,2254.0,4446.0,274.05500032,7,99.05500032,False,0,10.087
473.9174570837442,2466.0,4439.0,274.95499904,7,99.95499904,False,0,10.267
474.6075000000001,2475.6895883719767,4438.840922594502,275.0,7,100.0,False,0,10.276
502.33027777777784,2719.39568447292,4452.720532174365,278.0,7,100.0,False,0,10.635
507.90645814043154,2761.0,4460.0,278.25714285714287,7,100.0,False,0,10.707
524.0302777777778,2893.4989003105366,4489.21535675905,279.0,7,100.0,False,0,10.915
543.6171438346855,3070.0,4544.0,279.7000007111111,7,100.0,False,0,11.167
552.0302777777779,3147.655148889001,4575.229883993563,280.0,7,100.0,False,0,11.275
559.2062298411475,3219.0,4609.0,280.5750016,7,100.0,False,0,11.367
564.5191666666668,3276.980788281819,4639.984010855999,281.0,7,100.0,False,0,11.435
573.2906181798202,3375.0,4698.0,281.7,7,100.0,False,0,11.547
577.0525000000001,3414.067504109058,4723.261443062583,282.0,7,100.0,False,0,11.595
602.1191666666666,3626.1760415760846,4889.297161496558,282.0,7,100.0,False,0,11.915
607.7525262029003,3662.0,4921.0,282.0,7,100.0,False,0,11.987
624.0525,3745.779052330314,5000.847084275497,282.0,7,100.0,False,0,12.195
626.5730263032781,3759.0,5014.0,281.9111111111111,7,91.37777777777778,False,0,12.227
652.1524999999999,3933.310896060146,5189.423932235611,281.0,7,3.0,True,0,12.555
653.0477343289018,3942.0,5198.0,279.84283245714283,7,2.8714258285714287,True,0,12.567
670.0006660315938,4129.0,5380.0,256.7964224,7,0.31071360000000015,True,0,12.806
671.9080555555555,4145.5670523041335,5395.9177341094155,254.0,7,0.0,True,0,12.835
688.863611111111,4224.102249881238,5468.373792761138,218.0,7,0.0,True,0,13.115
693.0313551471118,4244.0,5486.0,214.4499968,7,0.0,True,0,13.186
700.4191666666666,4291.390440541065,5528.098696740394,208.0,7,0.0,True,0,13.315
705.3099908818865,4336.0,5567.0,200.6062448,7,0.0,True,0,13.406
715.272866624101,4457.0,5670.0,184.2749792,7,0.0,True,0,13.607
716.5969444444444,4470.2077262451,5681.1900540149145,182.0,5,0.0,True,0,13.635
729.1638888888889,4534.091420983971,5734.591320085389,161.0,3,0.0,True,0,13.916
735.5302027500884,4582.0,5771.0,154.86563280000001,3,0.0,True,0,14.067
739.5973635706996,4629.0,5806.0,150.8031224,3,0.0,True,0,14.167
742.3194444444445,4653.816997215922,5823.161608927159,148.0,3,0.0,True,0,14.236
745.8041101251422,4680.0,5839.0,143.734372,3,0.0,True,0,14.327
753.8214021133884,4751.0,5873.0,133.421884,3,0.0,True,0,14.547
754.1416666666667,4754.086667474954,5874.1274151030175,133.0,3,0.0,True,0,14.556
760.1215835271734,4813.0,5891.0,127.29999786666667,3,0.0,True,0,14.727
762.475,4834.452849536498,5895.662535332493,125.0,2,0.0,True,0,14.796
769.470017617107,4905.0,5901.0,120.47857005714286,2,0.0,True,0,15.007
771.7305555555556,4938.681527701307,5898.930198892432,119.0,2,0.0,False,0,15.076
777.3146742367849,5025.0,5889.0,117.57499946666667,2,1.4250005333333333,False,0,15.247
779.5305555555556,5045.82848619516,5885.469481400038,117.0,2,2.0,False,0,15.316
786.7360011742943,5079.0,5872.0,113.390628,2,12.106241599999999,False,0,15.547
789.4861111111111,5098.209861649483,5862.615795939066,112.0,2,16.0,False,0,15.636
796.8861111111111,5165.97841526432,5826.363951816186,111.0,2,9.0,False,0,15.876
797.8244109265925,5174.0,5821.0,110.6125024,2,10.937488,False,0,15.907
803.8138348064257,5221.0,5782.0,108.1125024,2,23.437488000000002,False,0,16.107
804.0861111111111,5223.141589925461,5779.941363140435,108.0,2,24.0,False,0,16.116
806.2479488513956,5240.0,5763.0,108.76071222857144,2,28.310702628571427,False,0,16.187
812.7194444444444,5280.176405697238,5714.558068958363,111.0,2,41.0,False,0,16.396
813.0620260899798,5282.0,5712.0,111.11000064,2,41.05500032,False,0,16.407
818.9972222222221,5310.2641195806245,5665.3718188954,113.0,2,42.0,False,0,16.596
821.2776761540224,5321.0,5641.0,114.01428297142857,2,44.53570742857143,False,0,16.667
828.0972222222222,5354.835518372352,5541.3233933940055,117.0,2,52.0,False,0,16.876
830.4036900543607,5364.0,5509.0,117.4437488,2,52.4437488,False,0,16.947
833.3416666666666,5372.549764056754,5474.115666748178,118.0,2,53.0,False,0,17.036
845.9167869769223,5384.0,5379.0,128.75487452071283,2,55.933147596558044,False,0,17.387
846.2058333333332,5384.160329045143,5377.012902244347,129.0,2,56.0,False,0,17.395
854.9391666666666,5389.213896011466,5313.157266178457,131.0,3,55.0,False,0,17.635
856.9430977386054,5391.0,5294.0,132.7875088,3,57.9250144,False,0,17.687
866.5032573841781,5403.0,5184.0,141.0375088,3,71.4250144,False,0,17.927
867.5613888888886,5404.519830227318,5172.7807206707,142.0,3,73.0,True,0,17.955
872.9919674835157,5414.0,5119.0,134.4,3,47.78181818181818,True,0,18.107
878.8413579950956,5432.0,5054.0,125.3999872,3,17.91813934545454,True,0,18.287
882.2280555555553,5442.720438282891,5022.2497634542515,120.0,3,0.0,True,0,18.395
886.8677588201886,5463.0,4979.0,114.02857142857142,3,0.0,True,0,18.547
890.7058333333331,5492.401226293399,4931.558562704623,109.0,2,0.0,True,0,18.675
895.2284263840234,5529.0,4879.0,107.1,2,0.0,True,0,18.827
900.0391666666665,5552.25336119255,4850.936186191568,105.0,2,0.0,True,0,18.995
904.5886368737242,5573.0,4833.0,99.52726458181819,2,0.0,True,0,19.167
909.9770065491057,5615.0,4797.0,92.55908887272727,2,0.0,True,0,19.386
911.1613888888886,5624.233735634307,4789.817138682149,91.0,2,0.0,True,0,19.435
915.2484208915599,5660.0,4767.0,86.7249984,2,0.0,True,0,19.606
915.9391666666664,5668.329100306635,4762.70496574697,86.0,2,0.0,True,0,19.635
919.9913401235053,5723.0,4738.0,85.14499968,2,0.0,True,0,19.806
920.6613888888886,5730.054867952931,4735.2151793318235,85.0,2,0.0,True,0,19.835
927.5115473463724,5772.0,4730.0,79.15,2,0.0,True,0,20.147
927.6836111111108,5773.275925337978,4730.123545175331,79.0,2,0.0,True,0,20.155
931.9613888888886,5813.689078020403,4735.59363692729,77.0,2,0.0,False,0,20.355
933.9049723969947,5833.0,4741.0,76.54228772079979,2,7.781108746403586,False,0,20.447
936.2047222222219,5854.12822864137,4750.4193877747475,76.0,2,17.0,False,0,20.556
938.1404426907359,5871.0,4760.0,76.75833386666666,2,22.308337066666667,False,0,20.647
941.4047222222218,5898.317775423811,4777.847069713147,78.0,2,31.0,False,0,20.796
942.1126166893506,5904.0,4782.0,78.71041226666667,2,31.968744,False,0,20.827
947.9333665700964,5946.0,4817.0,84.21041226666667,2,39.468744,False,0,21.067
952.5243634489073,5976.0,4847.0,88.33541813333333,2,45.093751999999995,False,0,21.247
953.2713888888885,5984.798161471613,4857.057547444105,89.0,2,46.0,False,0,21.276
955.6287839764276,6017.0,4895.0,90.7062512,2,48.2750016,False,0,21.367
961.715833333333,6064.483297717168,4956.201707214433,95.0,2,54.0,False,0,21.596
967.6955618402751,6089.0,4997.0,101.78214491428571,2,57.76785828571428,False,0,21.807
969.8047222222219,6098.315840957916,5013.438758137958,104.0,2,59.0,False,0,21.876
981.6972444056494,6147.0,5105.0,119.79499136,2,71.28499328,False,0,22.227
983.3602777777775,6151.827583208424,5114.936466712424,122.0,2,73.0,False,0,22.276
991.4936111111108,6171.816772829788,5161.968337020842,122.0,2,75.0,False,0,22.516
991.8925503585314,6173.0,5165.0,122.687504,2,75.2750016,False,0,22.527
1002.9362240159197,6211.0,5268.0,140.187504,2,82.2750016,False,0,22.807
1004.1158333333331,6214.892803243767,5279.427855676463,142.0,3,83.0,False,0,22.836
1013.9158333333331,6243.830305072467,5372.799338032688,147.0,3,100.0,False,0,23.076
1014.3660718397896,6245.0,5377.0,147.0,3,100.0,False,0,23.087
1020.4491666666664,6259.884241472697,5433.712209906347,147.0,3,100.0,False,0,23.236
1020.8937886017621,6261.0,5438.0,147.0,3,100.0,False,0,23.247
1028.615833333333,6280.888000146146,5515.266995829265,147.0,3,100.0,False,0,23.436
1029.0938465452991,6282.0,5520.0,147.916672,3,100.0,False,0,23.447
1036.475392293103,6297.0,5591.0,161.25000533333332,3,100.0,False,0,23.607
1039.7491666666663,6302.699116419599,5621.484837432774,167.0,4,100.0,False,0,23.676
1047.3491666666662,6314.27023248219,5692.05086204636,171.0,4,100.0,False,0,23.836
1047.8724972735556,6315.0,5697.0,171.0,4,100.0,False,0,23.847
1058.7016666666661,6327.824927142418,5804.347288034187,171.0,4,100.0,False,0,24.075
1062.0746148206986,6330.0,5843.0,171.0,4,100.0,False,0,24.147
1066.301666666666,6331.022663587882,5887.616831721778,171.0,4,100.0,False,0,24.235
1066.901429704387,6331.0,5890.0,172.08002304,4,100.0,False,0,24.247
1075.316869609384,6328.0,5848.0,186.48002304,4,100.0,False,0,24.407
1076.801666666666,6327.534373031637,5848.4539943076015,189.0,4,100.0,False,0,24.435
1085.2016666666661,6326.440593489054,5942.309928531939,189.0,4,100.0,False,0,24.595
1093.1783891871605,6325.0,6058.0,189.0,4,100.0,False,0,24.747
1099.9016666666662,6321.985565650664,6114.2639820942695,189.0,5,100.0,False,0,24.875
1112.501666666666,6309.9303249444165,6177.08097482804,189.0,5,100.0,False,0,25.115
1113.1316545575437,6309.0,6182.0,189.0,5,100.0,False,0,25.127
1123.6316913990158,6289.0,6285.0,189.0,5,100.0,False,0,25.327
1125.1016666666662,6285.61531914274,6299.485390432725,189.0,5,100.0,False,0,25.355
1135.1816250263082,6258.0,6395.0,189.0,5,100.0,False,0,25.547
1135.6016666666662,6256.62677518894,6399.1204221360895,189.0,5,100.0,False,0,25.555
1148.2016666666664,6208.524652432662,6526.083525268073,189.0,5,104.0,True,0,25.795
1148.8312215976798,6206.0,6532.0,189.0,5,104.0,True,0,25.807
1158.7016666666664,6166.323709496464,6615.777424639026,189.0,5,104.0,True,0,25.995
1168.8149297952277,6121.0,6696.0,189.0,5,104.0,True,0,26.186
1179.7016666666664,6062.869551415402,6788.589347412071,189.0,5,104.0,True,0,26.395
1180.2602664614485,6060.0,6793.0,189.0,5,104.0,True,0,26.406
1188.1016666666665,6019.080875495159,6852.128243428484,189.0,5,104.0,True,0,26.555
1189.9989005683005,6005.0,6870.0,196.87918293333334,5,103.48333226666666,True,0,26.586
