Driver,DriverNumber,LapNumber,LapTime,Position,Sector1Time,Sector2Time,Sector3Time,TrackStatus,IsAccurate,Compound,TyreLife
LEC,16,36.0,0 days 00:01:33.448000,1.0,0 days 00:00:29.919000,0 days 00:00:37.905000,0 days 00:00:25.624000,1,True,HARD,11.0
ANT,12,36.0,0 days 00:01:53.810000,2.0,0 days 00:00:50.934000,0 days 00:00:37.576000,0 days 00:00:25.300000,1,False,HARD,1.0
VER,3,36.0,0 days 00:01:33.951000,3.0,0 days 00:00:30.024000,0 days 00:00:38.193000,0 days 00:00:25.734000,1,True,HARD,19.0
HAM,44,36.0,0 days 00:01:33.993000,4.0,0 days 00:00:29.841000,0 days 00:00:38.473000,0 days 00:00:25.679000,1,True,HARD,13.0
NOR,1,36.0,0 days 00:01:33.514000,5.0,0 days 00:00:29.912000,0 days 00:00:37.887000,0 days 00:00:25.715000,1,True,HARD,8.0
RUS,63,36.0,0 days 00:01:32.489000,6.0,0 days 00:00:29.639000,0 days 00:00:37.384000,0 days 00:00:25.466000,1,True,MEDIUM,8.0
HAD,6,36.0,0 days 00:01:34.961000,7.0,0 days 00:00:30.062000,0 days 00:00:38.924000,0 days 00:00:25.975000,1,True,HARD,17.0
LAW,30,36.0,0 days 00:01:34.238000,8.0,0 days 00:00:29.914000,0 days 00:00:38.557000,0 days 00:00:25.767000,1,True,HARD,8.0
LIN,41,36.0,0 days 00:01:34.380000,9.0,0 days 00:00:29.914000,0 days 00:00:38.813000,0 days 00:00:25.653000,1,True,HARD,9.0
BOR,5,36.0,0 days 00:01:34.588000,10.0,0 days 00:00:30.041000,0 days 00:00:38.590000,0 days 00:00:25.957000,1,True,HARD,10.0
COL,43,36.0,0 days 00:01:35.137000,11.0,0 days 00:00:29.984000,0 days 00:00:38.842000,0 days 00:00:26.311000,1,True,HARD,14.0
GAS,10,36.0,0 days 00:01:34.937000,12.0,0 days 00:00:30.191000,0 days 00:00:38.489000,0 days 00:00:26.257000,1,True,HARD,13.0
PIA,81,36.0,0 days 00:01:34.546000,13.0,0 days 00:00:30.259000,0 days 00:00:38.522000,0 days 00:00:25.765000,1,False,HARD,34.0
SAI,55,36.0,0 days 00:01:36.697000,14.0,0 days 00:00:30.158000,0 days 00:00:40.293000,0 days 00:00:26.246000,1,True,HARD,16.0
HUL,27,36.0,0 days 00:01:33.433000,15.0,0 days 00:00:29.750000,0 days 00:00:38.090000,0 days 00:00:25.593000,1,True,SOFT,2.0
BEA,87,36.0,0 days 00:01:35.004000,16.0,0 days 00:00:30.282000,0 days 00:00:38.567000,0 days 00:00:26.155000,1,True,HARD,7.0
OCO,31,36.0,0 days 00:01:35.142000,17.0,0 days 00:00:30.237000,0 days 00:00:38.837000,0 days 00:00:26.068000,1,True,HARD,15.0
PER,11,36.0,0 days 00:01:36.457000,18.0,0 days 00:00:30.520000,0 days 00:00:39.389000,0 days 00:00:26.548000,1,True,HARD,15.0
BOT,77,36.0,0 days 00:01:36.181000,19.0,0 days 00:00:30.530000,0 days 00:00:39.048000,0 days 00:00:26.603000,1,True,HARD,7.0
ALO,14,36.0,0 days 00:01:39.164000,20.0,0 days 00:00:31.118000,0 days 00:00:41.419000,0 days 00:00:26.627000,12,True,HARD,16.0
STR,18,36.0,0 days 00:01:37.796000,21.0,0 days 00:00:31.002000,0 days 00:00:40.019000,0 days 00:00:26.775000,12,True,HARD,18.0
ALB,23,36.0,0 days 00:02:21.237000,22.0,0 days 00:00:54.512000,0 days 00:00:56.136000,0 days 00:00:30.589000,1267,False,SOFT,4.0
LEC,16,37.0,0 days 00:01:33.449000,1.0,0 days 00:00:29.784000,0 days 00:00:38.020000,0 days 00:00:25.645000,1,True,HARD,12.0
ANT,12,37.0,0 days 00:01:31.777000,2.0,0 days 00:00:29.501000,0 days 00:00:37.119000,0 days 00:00:25.157000,1,True,HARD,2.0
VER,3,37.0,0 days 00:01:34.272000,3.0,0 days 00:00:29.890000,0 days 00:00:37.978000,0 days 00:00:26.404000,1,True,HARD,20.0
HAM,44,37.0,0 days 00:01:33.738000,4.0,0 days 00:00:29.590000,0 days 00:00:38.110000,0 days 00:00:26.038000,1,True,HARD,14.0
NOR,1,37.0,0 days 00:01:33.913000,5.0,0 days 00:00:29.821000,0 days 00:00:38.265000,0 days 00:00:25.827000,1,True,HARD,9.0
RUS,63,37.0,0 days 00:01:32.498000,6.0,0 days 00:00:29.695000,0 days 00:00:37.379000,0 days 00:00:25.424000,1,True,MEDIUM,9.0
HAD,6,37.0,0 days 00:01:34.324000,7.0,0 days 00:00:30.012000,0 days 00:00:38.390000,0 days 00:00:25.922000,1,True,HARD,18.0
LAW,30,37.0,0 days 00:01:33.943000,8.0,0 days 00:00:29.769000,0 days 00:00:38.479000,0 days 00:00:25.695000,1,True,HARD,9.0
LIN,41,37.0,0 days 00:01:34.247000,9.0,0 days 00:00:29.805000,0 days 00:00:38.626000,0 days 00:00:25.816000,1,True,HARD,10.0
BOR,5,37.0,0 days 00:01:34.507000,10.0,0 days 00:00:29.938000,0 days 00:00:38.596000,0 days 00:00:25.973000,1,True,HARD,11.0
COL,43,37.0,0 days 00:01:34.759000,11.0,0 days 00:00:30.013000,0 days 00:00:38.559000,0 days 00:00:26.187000,12,True,HARD,15.0
GAS,10,37.0,0 days 00:01:34.861000,12.0,0 days 00:00:30.021000,0 days 00:00:38.569000,0 days 00:00:26.271000,12,True,HARD,14.0
SAI,55,37.0,0 days 00:01:36.901000,13.0,0 days 00:00:30.222000,0 days 00:00:39.128000,0 days 00:00:27.551000,12,True,HARD,17.0
BEA,87,37.0,0 days 00:01:39.886000,14.0,0 days 00:00:30.398000,0 days 00:00:38.725000,0 days 00:00:30.763000,126,False,HARD,8.0
OCO,31,37.0,0 days 00:01:40.710000,15.0,0 days 00:00:30.360000,0 days 00:00:38.963000,0 days 00:00:31.387000,126,False,HARD,16.0
PIA,81,37.0,0 days 00:02:01.405000,16.0,0 days 00:00:51.190000,0 days 00:00:38.591000,0 days 00:00:31.624000,126,False,MEDIUM,4.0
PER,11,37.0,0 days 00:01:43.490000,17.0,0 days 00:00:30.553000,0 days 00:00:39.488000,0 days 00:00:33.449000,126,False,HARD,16.0
BOT,77,37.0,0 days 00:01:51.519000,18.0,0 days 00:00:30.651000,0 days 00:00:47.643000,0 days 00:00:33.225000,126,False,HARD,8.0
ALO,14,37.0,0 days 00:01:59.005000,19.0,0 days 00:00:38.117000,0 days 00:00:52.291000,0 days 00:00:28.597000,2671,False,HARD,17.0
STR,18,37.0,0 days 00:01:59.566000,20.0,0 days 00:00:38.929000,0 days 00:00:53.860000,0 days 00:00:26.777000,2671,False,HARD,19.0
ALB,23,37.0,0 days 00:01:38.129000,21.0,0 days 00:00:30.316000,0 days 00:00:39.418000,0 days 00:00:28.395000,71,False,SOFT,5.0
HUL,27,37.0,NaT,,NaT,NaT,NaT,126,False,SOFT,3.0
LEC,16,38.0,0 days 00:01:33.309000,1.0,0 days 00:00:29.805000,0 days 00:00:37.812000,0 days 00:00:25.692000,12,True,HARD,13.0
ANT,12,38.0,0 days 00:01:32.149000,2.0,0 days 00:00:29.408000,0 days 00:00:37.221000,0 days 00:00:25.520000,12,True,HARD,3.0
VER,3,38.0,0 days 00:01:34.716000,3.0,0 days 00:00:30.204000,0 days 00:00:38.973000,0 days 00:00:25.539000,126,False,HARD,21.0
HAM,44,38.0,0 days 00:01:39.294000,4.0,0 days 00:00:29.884000,0 days 00:00:38.130000,0 days 00:00:31.280000,126,False,HARD,15.0
NOR,1,38.0,0 days 00:01:39.350000,5.0,0 days 00:00:29.864000,0 days 00:00:38.986000,0 days 00:00:30.500000,126,False,HARD,10.0
RUS,63,38.0,0 days 00:01:44.164000,6.0,0 days 00:00:29.621000,0 days 00:00:39.256000,0 days 00:00:35.287000,126,False,MEDIUM,10.0
HAD,6,38.0,0 days 00:01:42.454000,7.0,0 days 00:00:29.847000,0 days 00:00:42.369000,0 days 00:00:30.238000,126,False,HARD,19.0
LAW,30,38.0,0 days 00:01:51.890000,8.0,0 days 00:00:29.834000,0 days 00:00:52.422000,0 days 00:00:29.634000,126,False,HARD,10.0
LIN,41,38.0,0 days 00:01:53.527000,9.0,0 days 00:00:29.859000,0 days 00:00:52.780000,0 days 00:00:30.888000,1267,False,HARD,11.0
BOR,5,38.0,0 days 00:01:54.010000,10.0,0 days 00:00:30.062000,0 days 00:00:52.073000,0 days 00:00:31.875000,1267,False,HARD,12.0
COL,43,38.0,0 days 00:01:57.349000,11.0,0 days 00:00:36.498000,0 days 00:00:49.303000,0 days 00:00:31.548000,2671,False,HARD,16.0
GAS,10,38.0,0 days 00:01:57.887000,12.0,0 days 00:00:35.476000,0 days 00:00:50.755000,0 days 00:00:31.656000,2671,False,HARD,15.0
SAI,55,38.0,0 days 00:01:59.393000,13.0,0 days 00:00:41.473000,0 days 00:00:51.487000,0 days 00:00:26.433000,2671,False,HARD,18.0
BEA,87,38.0,0 days 00:01:53.009000,14.0,0 days 00:00:42.055000,0 days 00:00:45.093000,0 days 00:00:25.861000,671,False,HARD,9.0
OCO,31,38.0,0 days 00:01:53.760000,15.0,0 days 00:00:41.113000,0 days 00:00:45.576000,0 days 00:00:27.071000,671,False,HARD,17.0
PIA,81,38.0,0 days 00:01:51.162000,16.0,0 days 00:00:39.459000,0 days 00:00:46.345000,0 days 00:00:25.358000,671,False,MEDIUM,5.0
PER,11,38.0,0 days 00:01:50.614000,17.0,0 days 00:00:42.380000,0 days 00:00:42.047000,0 days 00:00:26.187000,671,False,HARD,17.0
BOT,77,38.0,0 days 00:01:46.271000,18.0,0 days 00:00:36.736000,0 days 00:00:41.882000,0 days 00:00:27.653000,671,False,HARD,9.0
ALO,14,38.0,0 days 00:01:37.330000,19.0,0 days 00:00:31.050000,0 days 00:00:39.709000,0 days 00:00:26.571000,1,True,HARD,18.0
STR,18,38.0,0 days 00:01:37.286000,20.0,0 days 00:00:30.433000,0 days 00:00:40.247000,0 days 00:00:26.606000,1,True,HARD,20.0
ALB,23,38.0,0 days 00:01:34.169000,21.0,0 days 00:00:29.924000,0 days 00:00:38.317000,0 days 00:00:25.928000,1,True,SOFT,6.0
LEC,16,39.0,0 days 00:01:56.733000,1.0,0 days 00:00:38.158000,0 days 00:00:53.025000,0 days 00:00:25.550000,2671,False,HARD,14.0
ANT,12,39.0,0 days 00:01:57.371000,2.0,0 days 00:00:39.557000,0 days 00:00:51.067000,0 days 00:00:26.747000,2671,False,HARD,4.0
HAM,44,39.0,0 days 00:01:51.594000,3.0,0 days 00:00:40.239000,0 days 00:00:46.045000,0 days 00:00:25.310000,671,False,HARD,16.0
VER,3,39.0,0 days 00:02:06.998000,4.0,0 days 00:01:00.240000,0 days 00:00:41.794000,0 days 00:00:24.964000,671,False,MEDIUM,1.0
RUS,63,39.0,0 days 00:01:45.496000,5.0,0 days 00:00:41.009000,0 days 00:00:38.856000,0 days 00:00:25.631000,671,False,MEDIUM,11.0
NOR,1,39.0,0 days 00:02:02.902000,6.0,0 days 00:00:58.540000,0 days 00:00:38.687000,0 days 00:00:25.675000,671,False,MEDIUM,7.0
HAD,6,39.0,0 days 00:02:03.195000,7.0,0 days 00:01:00.708000,0 days 00:00:37.435000,0 days 00:00:25.052000,671,False,MEDIUM,1.0
LAW,30,39.0,0 days 00:01:38.314000,8.0,0 days 00:00:34.328000,0 days 00:00:38.389000,0 days 00:00:25.597000,671,False,HARD,11.0
LIN,41,39.0,0 days 00:01:37.215000,9.0,0 days 00:00:33.307000,0 days 00:00:38.294000,0 days 00:00:25.614000,71,False,HARD,12.0
BOR,5,39.0,0 days 00:01:37.830000,10.0,0 days 00:00:33.467000,0 days 00:00:38.436000,0 days 00:00:25.927000,71,False,HARD,13.0
COL,43,39.0,0 days 00:01:34.609000,11.0,0 days 00:00:29.991000,0 days 00:00:38.449000,0 days 00:00:26.169000,1,True,HARD,17.0
GAS,10,39.0,0 days 00:01:34.522000,12.0,0 days 00:00:30.150000,0 days 00:00:38.255000,0 days 00:00:26.117000,1,True,HARD,16.0
SAI,55,39.0,0 days 00:01:35.260000,13.0,0 days 00:00:30.040000,0 days 00:00:38.878000,0 days 00:00:26.342000,1,True,HARD,19.0
BEA,87,39.0,0 days 00:01:36.431000,14.0,0 days 00:00:30.137000,0 days 00:00:40.253000,0 days 00:00:26.041000,1,True,HARD,10.0
PIA,81,39.0,0 days 00:01:33.169000,15.0,0 days 00:00:29.221000,0 days 00:00:38.075000,0 days 00:00:25.873000,1,True,MEDIUM,6.0
OCO,31,39.0,0 days 00:01:35.393000,16.0,0 days 00:00:30.070000,0 days 00:00:39.438000,0 days 00:00:25.885000,1,True,HARD,18.0
PER,11,39.0,0 days 00:01:36.798000,17.0,0 days 00:00:30.987000,0 days 00:00:39.421000,0 days 00:00:26.390000,1,True,HARD,18.0
BOT,77,39.0,0 days 00:01:37.651000,18.0,0 days 00:00:31.684000,0 days 00:00:39.546000,0 days 00:00:26.421000,1,True,HARD,10.0
ALO,14,39.0,0 days 00:01:38.699000,19.0,0 days 00:00:31.150000,0 days 00:00:41.068000,0 days 00:00:26.481000,1,True,HARD,19.0
STR,18,39.0,0 days 00:01:38.264000,20.0,0 days 00:00:31.183000,0 days 00:00:40.327000,0 days 00:00:26.754000,1,True,HARD,21.0
ALB,23,39.0,0 days 00:01:34.562000,21.0,0 days 00:00:29.798000,0 days 00:00:38.585000,0 days 00:00:26.179000,1,True,SOFT,7.0
LEC,16,40.0,0 days 00:01:33.101000,1.0,0 days 00:00:29.466000,0 days 00:00:37.972000,0 days 00:00:25.663000,1,True,HARD,15.0
ANT,12,40.0,0 days 00:01:31.904000,2.0,0 days 00:00:29.538000,0 days 00:00:37.170000,0 days 00:00:25.196000,1,True,HARD,5.0
HAM,44,40.0,0 days 00:01:33.742000,3.0,0 days 00:00:29.533000,0 days 00:00:38.363000,0 days 00:00:25.846000,1,True,HARD,17.0
VER,3,40.0,0 days 00:01:32.101000,4.0,0 days 00:00:29.326000,0 days 00:00:37.412000,0 days 00:00:25.363000,1,True,MEDIUM,2.0
RUS,63,40.0,0 days 00:01:32.583000,5.0,0 days 00:00:29.607000,0 days 00:00:37.460000,0 days 00:00:25.516000,1,True,MEDIUM,12.0
NOR,1,40.0,0 days 00:01:32.759000,6.0,0 days 00:00:29.644000,0 days 00:00:37.519000,0 days 00:00:25.596000,1,True,MEDIUM,8.0
HAD,6,40.0,0 days 00:01:32.268000,7.0,0 days 00:00:29.517000,0 days 00:00:37.380000,0 days 00:00:25.371000,1,True,MEDIUM,2.0
LAW,30,40.0,0 days 00:01:33.912000,8.0,0 days 00:00:29.748000,0 days 00:00:38.381000,0 days 00:00:25.783000,1,True,HARD,12.0
LIN,41,40.0,0 days 00:01:34.136000,9.0,0 days 00:00:29.795000,0 days 00:00:38.487000,0 days 00:00:25.854000,1,True,HARD,13.0
BOR,5,40.0,0 days 00:01:34.412000,10.0,0 days 00:00:29.930000,0 days 00:00:38.369000,0 days 00:00:26.113000,1,True,HARD,14.0
COL,43,40.0,0 days 00:01:34.765000,11.0,0 days 00:00:30.041000,0 days 00:00:38.584000,0 days 00:00:26.140000,1,True,HARD,18.0
GAS,10,40.0,0 days 00:01:34.455000,12.0,0 days 00:00:29.906000,0 days 00:00:38.476000,0 days 00:00:26.073000,1,True,HARD,17.0
SAI,55,40.0,0 days 00:01:35.542000,13.0,0 days 00:00:30.162000,0 days 00:00:39.043000,0 days 00:00:26.337000,1,True,HARD,20.0
PIA,81,40.0,0 days 00:01:33.535000,14.0,0 days 00:00:29.857000,0 days 00:00:38.004000,0 days 00:00:25.674000,1,True,MEDIUM,7.0
BEA,87,40.0,0 days 00:01:35.464000,15.0,0 days 00:00:30.143000,0 days 00:00:39.141000,0 days 00:00:26.180000,1,True,HARD,11.0
OCO,31,40.0,0 days 00:01:35.486000,16.0,0 days 00:00:30.304000,0 days 00:00:39.037000,0 days 00:00:26.145000,1,True,HARD,19.0
PER,11,40.0,0 days 00:01:37.296000,17.0,0 days 00:00:30.979000,0 days 00:00:39.934000,0 days 00:00:26.383000,1,True,HARD,19.0
BOT,77,40.0,0 days 00:01:38.450000,18.0,0 days 00:00:31.078000,0 days 00:00:39.651000,0 days 00:00:27.721000,1,True,HARD,11.0
ALO,14,40.0,0 days 00:01:37.543000,19.0,0 days 00:00:31.184000,0 days 00:00:39.886000,0 days 00:00:26.473000,1,True,HARD,20.0
STR,18,40.0,0 days 00:01:37.360000,20.0,0 days 00:00:30.866000,0 days 00:00:39.904000,0 days 00:00:26.590000,1,True,HARD,22.0
ALB,23,40.0,0 days 00:01:34.492000,21.0,0 days 00:00:29.757000,0 days 00:00:38.499000,0 days 00:00:26.236000,1,False,SOFT,8.0
LEC,16,41.0,0 days 00:01:32.893000,1.0,0 days 00:00:29.746000,0 days 00:00:37.879000,0 days 00:00:25.268000,1,True,HARD,16.0
ANT,12,41.0,0 days 00:01:37.116000,2.0,0 days 00:00:29.496000,0 days 00:00:39.535000,0 days 00:00:28.085000,1,False,HARD,6.0
HAM,44,41.0,0 days 00:01:33.421000,3.0,0 days 00:00:30.021000,0 days 00:00:38.018000,0 days 00:00:25.382000,1,True,HARD,18.0
VER,3,41.0,0 days 00:01:32.935000,4.0,0 days 00:00:29.884000,0 days 00:00:37.761000,0 days 00:00:25.290000,1,True,MEDIUM,3.0
RUS,63,41.0,0 days 00:01:32.732000,5.0,0 days 00:00:29.786000,0 days 00:00:37.556000,0 days 00:00:25.390000,1,True,MEDIUM,13.0
NOR,1,41.0,0 days 00:01:33.022000,6.0,0 days 00:00:29.693000,0 days 00:00:37.646000,0 days 00:00:25.683000,1,True,MEDIUM,9.0
HAD,6,41.0,0 days 00:01:32.697000,7.0,0 days 00:00:29.653000,0 days 00:00:37.631000,0 days 00:00:25.413000,1,True,MEDIUM,3.0
LAW,30,41.0,0 days 00:01:34.246000,8.0,0 days 00:00:29.984000,0 days 00:00:38.512000,0 days 00:00:25.750000,1,True,HARD,13.0
LIN,41,41.0,0 days 00:01:34.369000,9.0,0 days 00:00:30.105000,0 days 00:00:38.450000,0 days 00:00:25.814000,1,True,HARD,14.0
BOR,5,41.0,0 days 00:01:34.648000,10.0,0 days 00:00:29.953000,0 days 00:00:38.777000,0 days 00:00:25.918000,1,True,HARD,15.0
COL,43,41.0,0 days 00:01:34.718000,11.0,0 days 00:00:29.866000,0 days 00:00:38.544000,0 days 00:00:26.308000,1,True,HARD,19.0
GAS,10,41.0,0 days 00:01:34.312000,12.0,0 days 00:00:29.838000,0 days 00:00:38.395000,0 days 00:00:26.079000,1,True,HARD,18.0
SAI,55,41.0,0 days 00:01:35.553000,13.0,0 days 00:00:30.017000,0 days 00:00:39.180000,0 days 00:00:26.356000,1,True,HARD,21.0
PIA,81,41.0,0 days 00:01:33.145000,14.0,0 days 00:00:29.591000,0 days 00:00:37.832000,0 days 00:00:25.722000,1,True,MEDIUM,8.0
BEA,87,41.0,0 days 00:01:35.163000,15.0,0 days 00:00:30.255000,0 days 00:00:38.803000,0 days 00:00:26.105000,1,True,HARD,12.0
OCO,31,41.0,0 days 00:01:35.127000,16.0,0 days 00:00:30.237000,0 days 00:00:38.738000,0 days 00:00:26.152000,1,True,HARD,20.0
PER,11,41.0,0 days 00:01:35.713000,17.0,0 days 00:00:30.378000,0 days 00:00:38.942000,0 days 00:00:26.393000,1,True,HARD,20.0
BOT,77,41.0,0 days 00:01:36.141000,18.0,0 days 00:00:30.278000,0 days 00:00:39.361000,0 days 00:00:26.502000,1,True,HARD,12.0
ALO,14,41.0,0 days 00:01:36.695000,19.0,0 days 00:00:30.714000,0 days 00:00:39.511000,0 days 00:00:26.470000,1,True,HARD,21.0
STR,18,41.0,0 days 00:01:37.232000,20.0,0 days 00:00:30.663000,0 days 00:00:39.895000,0 days 00:00:26.674000,1,True,HARD,23.0
ALB,23,41.0,0 days 00:01:59.819000,21.0,0 days 00:00:54.713000,0 days 00:00:38.905000,0 days 00:00:26.201000,1,False,SOFT,4.0
LEC,16,42.0,0 days 00:01:33.422000,1.0,0 days 00:00:29.640000,0 days 00:00:38.109000,0 days 00:00:25.673000,1,True,HARD,17.0
HAM,44,42.0,0 days 00:01:33.337000,2.0,0 days 00:00:29.462000,0 days 00:00:37.990000,0 days 00:00:25.885000,1,True,HARD,19.0
VER,3,42.0,0 days 00:01:32.544000,3.0,0 days 00:00:29.555000,0 days 00:00:37.651000,0 days 00:00:25.338000,1,True,MEDIUM,4.0
RUS,63,42.0,0 days 00:01:32.686000,4.0,0 days 00:00:29.755000,0 days 00:00:37.460000,0 days 00:00:25.471000,1,True,MEDIUM,14.0
NOR,1,42.0,0 days 00:01:33.302000,5.0,0 days 00:00:29.649000,0 days 00:00:38.010000,0 days 00:00:25.643000,1,True,MEDIUM,10.0
ANT,12,42.0,0 days 00:02:17.782000,6.0,0 days 00:01:03.729000,0 days 00:00:45.550000,0 days 00:00:28.503000,1,False,MEDIUM,7.0
HAD,6,42.0,0 days 00:01:32.919000,7.0,0 days 00:00:29.649000,0 days 00:00:37.781000,0 days 00:00:25.489000,1,True,MEDIUM,4.0
LAW,30,42.0,0 days 00:01:33.804000,8.0,0 days 00:00:29.646000,0 days 00:00:38.438000,0 days 00:00:25.720000,1,True,HARD,14.0
LIN,41,42.0,0 days 00:01:34.110000,9.0,0 days 00:00:29.775000,0 days 00:00:38.617000,0 days 00:00:25.718000,1,True,HARD,15.0
BOR,5,42.0,0 days 00:01:34.452000,10.0,0 days 00:00:29.801000,0 days 00:00:38.677000,0 days 00:00:25.974000,1,True,HARD,16.0
COL,43,42.0,0 days 00:01:34.624000,11.0,0 days 00:00:29.891000,0 days 00:00:38.505000,0 days 00:00:26.228000,1,True,HARD,20.0
GAS,10,42.0,0 days 00:01:34.303000,12.0,0 days 00:00:29.930000,0 days 00:00:38.316000,0 days 00:00:26.057000,1,True,HARD,19.0
SAI,55,42.0,0 days 00:01:35.085000,13.0,0 days 00:00:29.768000,0 days 00:00:38.921000,0 days 00:00:26.396000,1,True,HARD,22.0
PIA,81,42.0,0 days 00:01:32.917000,14.0,0 days 00:00:29.338000,0 days 00:00:37.837000,0 days 00:00:25.742000,1,True,MEDIUM,9.0
BEA,87,42.0,0 days 00:01:34.989000,15.0,0 days 00:00:30.134000,0 days 00:00:38.710000,0 days 00:00:26.145000,1,True,HARD,13.0
OCO,31,42.0,0 days 00:01:35.893000,16.0,0 days 00:00:30.077000,0 days 00:00:39.694000,0 days 00:00:26.122000,1,True,HARD,21.0
PER,11,42.0,0 days 00:01:38.281000,17.0,0 days 00:00:30.431000,0 days 00:00:41.159000,0 days 00:00:26.691000,1,True,HARD,21.0
BOT,77,42.0,0 days 00:01:36.287000,18.0,0 days 00:00:30.470000,0 days 00:00:39.249000,0 days 00:00:26.568000,1,True,HARD,13.0
ALO,14,42.0,0 days 00:01:37.102000,19.0,0 days 00:00:30.961000,0 days 00:00:39.578000,0 days 00:00:26.563000,1,True,HARD,22.0
STR,18,42.0,0 days 00:01:40.212000,20.0,0 days 00:00:30.780000,0 days 00:00:40.861000,0 days 00:00:28.571000,1,True,HARD,24.0
ALB,23,42.0,0 days 00:01:33.867000,21.0,0 days 00:00:29.658000,0 days 00:00:38.296000,0 days 00:00:25.913000,1,True,SOFT,5.0
LEC,16,43.0,0 days 00:01:32.871000,1.0,0 days 00:00:29.579000,0 days 00:00:37.836000,0 days 00:00:25.456000,1,True,HARD,18.0
HAM,44,43.0,0 days 00:01:33.029000,2.0,0 days 00:00:29.611000,0 days 00:00:37.907000,0 days 00:00:25.511000,1,True,HARD,20.0
VER,3,43.0,0 days 00:01:32.621000,3.0,0 days 00:00:29.426000,0 days 00:00:37.844000,0 days 00:00:25.351000,1,True,MEDIUM,5.0
RUS,63,43.0,0 days 00:01:32.755000,4.0,0 days 00:00:29.657000,0 days 00:00:37.409000,0 days 00:00:25.689000,1,True,MEDIUM,15.0
NOR,1,43.0,0 days 00:01:33.167000,5.0,0 days 00:00:29.610000,0 days 00:00:37.964000,0 days 00:00:25.593000,1,True,MEDIUM,11.0
HAD,6,43.0,0 days 00:01:32.895000,6.0,0 days 00:00:29.670000,0 days 00:00:37.749000,0 days 00:00:25.476000,1,True,MEDIUM,5.0
ANT,12,43.0,0 days 00:01:39.872000,7.0,0 days 00:00:31.421000,0 days 00:00:41.314000,0 days 00:00:27.137000,1,False,MEDIUM,8.0
LAW,30,43.0,0 days 00:01:34.026000,8.0,0 days 00:00:29.726000,0 days 00:00:38.563000,0 days 00:00:25.737000,1,True,HARD,15.0
LIN,41,43.0,0 days 00:01:34.576000,9.0,0 days 00:00:29.834000,0 days 00:00:38.772000,0 days 00:00:25.970000,1,True,HARD,16.0
BOR,5,43.0,0 days 00:01:34.658000,10.0,0 days 00:00:29.965000,0 days 00:00:38.697000,0 days 00:00:25.996000,1,True,HARD,17.0
COL,43,43.0,0 days 00:01:34.785000,11.0,0 days 00:00:29.957000,0 days 00:00:38.566000,0 days 00:00:26.262000,1,True,HARD,21.0
GAS,10,43.0,0 days 00:01:34.387000,12.0,0 days 00:00:29.799000,0 days 00:00:38.522000,0 days 00:00:26.066000,1,True,HARD,20.0
SAI,55,43.0,0 days 00:01:35.666000,13.0,0 days 00:00:29.842000,0 days 00:00:39.415000,0 days 00:00:26.409000,1,True,HARD,23.0
PIA,81,43.0,0 days 00:01:33.069000,14.0,0 days 00:00:29.411000,0 days 00:00:37.805000,0 days 00:00:25.853000,1,True,MEDIUM,10.0
BEA,87,43.0,0 days 00:01:35.876000,15.0,0 days 00:00:30.909000,0 days 00:00:38.897000,0 days 00:00:26.070000,1,True,HARD,14.0
OCO,31,43.0,0 days 00:01:34.792000,16.0,0 days 00:00:30.217000,0 days 00:00:38.568000,0 days 00:00:26.007000,1,True,HARD,22.0
PER,11,43.0,0 days 00:01:35.557000,17.0,0 days 00:00:30.352000,0 days 00:00:38.896000,0 days 00:00:26.309000,1,True,HARD,22.0
BOT,77,43.0,0 days 00:01:36.161000,18.0,0 days 00:00:30.457000,0 days 00:00:39.159000,0 days 00:00:26.545000,1,True,HARD,14.0
ALO,14,43.0,0 days 00:01:37.260000,19.0,0 days 00:00:30.955000,0 days 00:00:39.827000,0 days 00:00:26.478000,1,True,HARD,23.0
STR,18,43.0,0 days 00:01:37.510000,20.0,0 days 00:00:30.835000,0 days 00:00:40.090000,0 days 00:00:26.585000,1,True,HARD,25.0
ALB,23,43.0,0 days 00:01:38.689000,21.0,0 days 00:00:29.677000,0 days 00:00:38.545000,0 days 00:00:30.467000,1,False,SOFT,6.0
LEC,16,44.0,0 days 00:01:33.090000,1.0,0 days 00:00:29.493000,0 days 00:00:37.877000,0 days 00:00:25.720000,1,True,HARD,19.0
HAM,44,44.0,0 days 00:01:33.042000,2.0,0 days 00:00:29.570000,0 days 00:00:37.819000,0 days 00:00:25.653000,1,True,HARD,21.0
VER,3,44.0,0 days 00:01:32.390000,3.0,0 days 00:00:29.651000,0 days 00:00:37.447000,0 days 00:00:25.292000,1,True,MEDIUM,6.0
RUS,63,44.0,0 days 00:01:32.491000,4.0,0 days 00:00:29.681000,0 days 00:00:37.277000,0 days 00:00:25.533000,1,True,MEDIUM,16.0
NOR,1,44.0,0 days 00:01:32.775000,5.0,0 days 00:00:29.707000,0 days 00:00:37.526000,0 days 00:00:25.542000,1,True,MEDIUM,12.0
HAD,6,44.0,0 days 00:01:32.693000,6.0,0 days 00:00:29.633000,0 days 00:00:37.689000,0 days 00:00:25.371000,1,True,MEDIUM,6.0
LAW,30,44.0,0 days 00:01:33.705000,7.0,0 days 00:00:29.629000,0 days 00:00:38.387000,0 days 00:00:25.689000,1,True,HARD,16.0
LIN,41,44.0,0 days 00:01:34.327000,8.0,0 days 00:00:29.943000,0 days 00:00:38.617000,0 days 00:00:25.767000,1,True,HARD,17.0
BOR,5,44.0,0 days 00:01:34.402000,9.0,0 days 00:00:29.968000,0 days 00:00:38.495000,0 days 00:00:25.939000,1,True,HARD,18.0
ANT,12,44.0,0 days 00:02:01.316000,10.0,0 days 00:00:55.712000,0 days 00:00:39.710000,0 days 00:00:25.894000,1,False,MEDIUM,9.0
COL,43,44.0,0 days 00:01:34.432000,11.0,0 days 00:00:29.901000,0 days 00:00:38.509000,0 days 00:00:26.022000,1,True,HARD,22.0
GAS,10,44.0,0 days 00:01:34.179000,12.0,0 days 00:00:29.956000,0 days 00:00:38.200000,0 days 00:00:26.023000,1,True,HARD,21.0
PIA,81,44.0,0 days 00:01:34.287000,13.0,0 days 00:00:29.704000,0 days 00:00:38.782000,0 days 00:00:25.801000,1,True,MEDIUM,11.0
SAI,55,44.0,0 days 00:01:36.988000,14.0,0 days 00:00:30.461000,0 days 00:00:39.718000,0 days 00:00:26.809000,1,True,HARD,24.0
BEA,87,44.0,0 days 00:01:35.994000,15.0,0 days 00:00:30.273000,0 days 00:00:38.571000,0 days 00:00:27.150000,1,True,HARD,15.0
OCO,31,44.0,0 days 00:01:35.925000,16.0,0 days 00:00:31.043000,0 days 00:00:38.848000,0 days 00:00:26.034000,1,True,HARD,23.0
PER,11,44.0,0 days 00:01:35.520000,17.0,0 days 00:00:30.315000,0 days 00:00:38.873000,0 days 00:00:26.332000,1,True,HARD,23.0
BOT,77,44.0,0 days 00:01:37.012000,18.0,0 days 00:00:30.498000,0 days 00:00:39.661000,0 days 00:00:26.853000,1,True,HARD,15.0
ALO,14,44.0,0 days 00:01:39.391000,19.0,0 days 00:00:31.359000,0 days 00:00:41.234000,0 days 00:00:26.798000,1,True,HARD,24.0
STR,18,44.0,0 days 00:01:37.703000,20.0,0 days 00:00:31.030000,0 days 00:00:39.965000,0 days 00:00:26.708000,1,True,HARD,26.0
LEC,16,45.0,0 days 00:01:32.890000,1.0,0 days 00:00:29.728000,0 days 00:00:37.637000,0 days 00:00:25.525000,1,True,HARD,20.0
HAM,44,45.0,0 days 00:01:32.783000,2.0,0 days 00:00:29.587000,0 days 00:00:37.899000,0 days 00:00:25.297000,1,True,HARD,22.0
VER,3,45.0,0 days 00:01:32.873000,3.0,0 days 00:00:29.641000,0 days 00:00:37.651000,0 days 00:00:25.581000,1,True,MEDIUM,7.0
RUS,63,45.0,0 days 00:01:33.142000,4.0,0 days 00:00:29.670000,0 days 00:00:37.724000,0 days 00:00:25.748000,1,True,MEDIUM,17.0
NOR,1,45.0,0 days 00:01:32.625000,5.0,0 days 00:00:29.603000,0 days 00:00:37.490000,0 days 00:00:25.532000,1,True,MEDIUM,13.0
HAD,6,45.0,0 days 00:01:32.481000,6.0,0 days 00:00:29.644000,0 days 00:00:37.454000,0 days 00:00:25.383000,1,True,MEDIUM,7.0
LAW,30,45.0,0 days 00:01:33.648000,7.0,0 days 00:00:29.728000,0 days 00:00:38.239000,0 days 00:00:25.681000,1,True,HARD,17.0
LIN,41,45.0,0 days 00:01:34.039000,8.0,0 days 00:00:29.801000,0 days 00:00:38.441000,0 days 00:00:25.797000,1,True,HARD,18.0
BOR,5,45.0,0 days 00:01:34.239000,9.0,0 days 00:00:29.843000,0 days 00:00:38.525000,0 days 00:00:25.871000,1,True,HARD,19.0
ANT,12,45.0,0 days 00:01:33.812000,10.0,0 days 00:00:29.709000,0 days 00:00:38.210000,0 days 00:00:25.893000,1,True,MEDIUM,10.0
COL,43,45.0,0 days 00:01:34.565000,11.0,0 days 00:00:29.924000,0 days 00:00:38.478000,0 days 00:00:26.163000,1,True,HARD,23.0
GAS,10,45.0,0 days 00:01:34.510000,12.0,0 days 00:00:29.984000,0 days 00:00:38.309000,0 days 00:00:26.217000,1,True,HARD,22.0
PIA,81,45.0,0 days 00:01:33.405000,13.0,0 days 00:00:29.671000,0 days 00:00:37.961000,0 days 00:00:25.773000,1,True,MEDIUM,12.0
SAI,55,45.0,0 days 00:01:35.600000,14.0,0 days 00:00:30.122000,0 days 00:00:39.103000,0 days 00:00:26.375000,1,True,HARD,25.0
BEA,87,45.0,0 days 00:01:34.916000,15.0,0 days 00:00:30.110000,0 days 00:00:38.607000,0 days 00:00:26.199000,1,True,HARD,16.0
OCO,31,45.0,0 days 00:01:34.896000,16.0,0 days 00:00:30.125000,0 days 00:00:38.702000,0 days 00:00:26.069000,1,True,HARD,24.0
PER,11,45.0,0 days 00:01:36.872000,17.0,0 days 00:00:30.277000,0 days 00:00:38.847000,0 days 00:00:27.748000,1,True,HARD,24.0
BOT,77,45.0,0 days 00:01:36.561000,18.0,0 days 00:00:30.544000,0 days 00:00:39.381000,0 days 00:00:26.636000,1,True,HARD,16.0
ALO,14,45.0,0 days 00:01:39.377000,19.0,0 days 00:00:32.587000,0 days 00:00:39.811000,0 days 00:00:26.979000,12,True,HARD,25.0
STR,18,45.0,0 days 00:01:41.932000,20.0,0 days 00:00:31.249000,0 days 00:00:39.976000,0 days 00:00:30.707000,124,False,HARD,27.0
LEC,16,46.0,0 days 00:01:33.385000,1.0,0 days 00:00:29.525000,0 days 00:00:37.890000,0 days 00:00:25.970000,1,True,HARD,21.0
HAM,44,46.0,0 days 00:01:32.973000,2.0,0 days 00:00:29.566000,0 days 00:00:37.842000,0 days 00:00:25.565000,1,True,HARD,23.0
VER,3,46.0,0 days 00:01:32.907000,3.0,0 days 00:00:29.624000,0 days 00:00:37.896000,0 days 00:00:25.387000,1,True,MEDIUM,8.0
RUS,63,46.0,0 days 00:01:32.986000,4.0,0 days 00:00:29.703000,0 days 00:00:37.579000,0 days 00:00:25.704000,1,True,MEDIUM,18.0
NOR,1,46.0,0 days 00:01:33.028000,5.0,0 days 00:00:29.660000,0 days 00:00:37.619000,0 days 00:00:25.749000,1,True,MEDIUM,14.0
HAD,6,46.0,0 days 00:01:33.072000,6.0,0 days 00:00:29.634000,0 days 00:00:37.925000,0 days 00:00:25.513000,1,True,MEDIUM,8.0
LAW,30,46.0,0 days 00:01:33.918000,7.0,0 days 00:00:29.738000,0 days 00:00:38.454000,0 days 00:00:25.726000,1,True,HARD,18.0
LIN,41,46.0,0 days 00:01:34.257000,8.0,0 days 00:00:29.864000,0 days 00:00:38.520000,0 days 00:00:25.873000,1,True,HARD,19.0
BOR,5,46.0,0 days 00:01:34.538000,9.0,0 days 00:00:29.915000,0 days 00:00:38.558000,0 days 00:00:26.065000,1,True,HARD,20.0
ANT,12,46.0,0 days 00:01:33.503000,10.0,0 days 00:00:29.585000,0 days 00:00:38.161000,0 days 00:00:25.757000,1,True,MEDIUM,11.0
COL,43,46.0,0 days 00:01:34.870000,11.0,0 days 00:00:30.119000,0 days 00:00:38.559000,0 days 00:00:26.192000,1,True,HARD,24.0
GAS,10,46.0,0 days 00:01:35.978000,12.0,0 days 00:00:31.417000,0 days 00:00:38.712000,0 days 00:00:25.849000,1,True,HARD,23.0
PIA,81,46.0,0 days 00:01:33.032000,13.0,0 days 00:00:29.662000,0 days 00:00:37.617000,0 days 00:00:25.753000,12,True,MEDIUM,13.0
SAI,55,46.0,0 days 00:01:36.704000,14.0,0 days 00:00:30.325000,0 days 00:00:39.557000,0 days 00:00:26.822000,12,True,HARD,26.0
BEA,87,46.0,0 days 00:01:40.750000,15.0,0 days 00:00:29.922000,0 days 00:00:38.767000,0 days 00:00:32.061000,124,False,HARD,17.0
OCO,31,46.0,0 days 00:01:41.821000,16.0,0 days 00:00:30.274000,0 days 00:00:38.698000,0 days 00:00:32.849000,124,False,HARD,25.0
PER,11,46.0,0 days 00:01:41.146000,17.0,0 days 00:00:30.306000,0 days 00:00:39.011000,0 days 00:00:31.829000,124,False,HARD,25.0
BOT,77,46.0,0 days 00:01:53.078000,18.0,0 days 00:00:30.985000,0 days 00:00:51.633000,0 days 00:00:30.460000,124,False,HARD,17.0
ALO,14,46.0,0 days 00:02:04.776000,19.0,0 days 00:00:41.194000,0 days 00:00:51.414000,0 days 00:00:32.168000,24,False,HARD,26.0
STR,18,46.0,0 days 00:02:03.014000,20.0,0 days 00:00:41.084000,0 days 00:00:49.635000,0 days 00:00:32.295000,4,False,HARD,28.0
LEC,16,47.0,0 days 00:01:33.275000,1.0,0 days 00:00:29.686000,0 days 00:00:37.931000,0 days 00:00:25.658000,1,True,HARD,22.0
HAM,44,47.0,0 days 00:01:33.060000,2.0,0 days 00:00:29.764000,0 days 00:00:37.896000,0 days 00:00:25.400000,12,True,HARD,24.0
RUS,63,47.0,0 days 00:01:33.258000,3.0,0 days 00:00:29.544000,0 days 00:00:37.502000,0 days 00:00:26.212000,12,True,MEDIUM,19.0
NOR,1,47.0,0 days 00:01:38.834000,4.0,0 days 00:00:29.827000,0 days 00:00:37.700000,0 days 00:00:31.307000,124,False,MEDIUM,15.0
HAD,6,47.0,0 days 00:01:37.072000,5.0,0 days 00:00:29.730000,0 days 00:00:37.633000,0 days 00:00:29.709000,124,False,MEDIUM,9.0
LAW,30,47.0,0 days 00:01:46.438000,6.0,0 days 00:00:29.708000,0 days 00:00:42.869000,0 days 00:00:33.861000,124,False,HARD,19.0
LIN,41,47.0,0 days 00:01:44.765000,7.0,0 days 00:00:29.848000,0 days 00:00:42.858000,0 days 00:00:32.059000,124,False,HARD,20.0
BOR,5,47.0,0 days 00:01:46.046000,8.0,0 days 00:00:29.929000,0 days 00:00:45.853000,0 days 00:00:30.264000,124,False,HARD,21.0
ANT,12,47.0,0 days 00:01:52.822000,9.0,0 days 00:00:29.654000,0 days 00:00:51.394000,0 days 00:00:31.774000,124,False,MEDIUM,12.0
COL,43,47.0,0 days 00:01:52.110000,10.0,0 days 00:00:29.780000,0 days 00:00:51.340000,0 days 00:00:30.990000,124,False,HARD,25.0
GAS,10,47.0,0 days 00:01:56.905000,11.0,0 days 00:00:30.515000,0 days 00:00:51.809000,0 days 00:00:34.581000,124,False,HARD,24.0
PIA,81,47.0,0 days 00:02:00.349000,12.0,0 days 00:00:38.814000,0 days 00:00:50.087000,0 days 00:00:31.448000,24,False,MEDIUM,14.0
SAI,55,47.0,0 days 00:02:08.204000,13.0,0 days 00:00:39.517000,0 days 00:00:54.426000,0 days 00:00:34.261000,24,False,HARD,27.0
BEA,87,47.0,0 days 00:02:02.264000,14.0,0 days 00:00:41.072000,0 days 00:00:48.081000,0 days 00:00:33.111000,4,False,HARD,18.0
OCO,31,47.0,0 days 00:02:06.003000,15.0,0 days 00:00:39.859000,0 days 00:00:49.457000,0 days 00:00:36.687000,4,False,HARD,26.0
PER,11,47.0,0 days 00:02:24.894000,16.0,0 days 00:00:58.546000,0 days 00:00:52.962000,0 days 00:00:33.386000,4,False,SOFT,1.0
BOT,77,47.0,0 days 00:02:24.678000,17.0,0 days 00:00:58.164000,0 days 00:00:52.734000,0 days 00:00:33.780000,4,False,SOFT,1.0
ALO,14,47.0,0 days 00:02:23.032000,18.0,0 days 00:00:58.759000,0 days 00:00:50.079000,0 days 00:00:34.194000,4,False,SOFT,1.0
STR,18,47.0,NaT,19.0,0 days 00:01:13.862000,0 days 00:00:52.343000,0 days 00:00:34.230000,4,False,SOFT,1.0
VER,3,47.0,NaT,,NaT,NaT,NaT,124,False,MEDIUM,9.0
LEC,16,48.0,0 days 00:01:54.610000,1.0,0 days 00:00:29.721000,0 days 00:00:52.260000,0 days 00:00:32.629000,124,False,HARD,23.0
HAM,44,48.0,0 days 00:02:01.755000,2.0,0 days 00:00:39.405000,0 days 00:00:48.611000,0 days 00:00:33.739000,24,False,HARD,25.0
RUS,63,48.0,0 days 00:02:06.839000,3.0,0 days 00:00:41.800000,0 days 00:00:50.732000,0 days 00:00:34.307000,24,False,MEDIUM,20.0
NOR,1,48.0,0 days 00:02:04.605000,4.0,0 days 00:00:38.636000,0 days 00:00:51.976000,0 days 00:00:33.993000,4,False,MEDIUM,16.0
HAD,6,48.0,0 days 00:02:24.775000,5.0,0 days 00:00:59.335000,0 days 00:00:50.946000,0 days 00:00:34.494000,4,False,SOFT,4.0
LAW,30,48.0,0 days 00:02:19.319000,6.0,0 days 00:00:52.859000,0 days 00:00:51.847000,0 days 00:00:34.613000,4,False,SOFT,4.0
LIN,41,48.0,0 days 00:02:25.651000,7.0,0 days 00:00:59.817000,0 days 00:00:51.559000,0 days 00:00:34.275000,4,False,SOFT,4.0
BOR,5,48.0,0 days 00:02:22.964000,8.0,0 days 00:00:57.885000,0 days 00:00:51.694000,0 days 00:00:33.385000,4,False,SOFT,1.0
ANT,12,48.0,0 days 00:02:05.074000,9.0,0 days 00:00:40.652000,0 days 00:00:51.683000,0 days 00:00:32.739000,4,False,MEDIUM,13.0
GAS,10,48.0,0 days 00:02:02.352000,10.0,0 days 00:00:40.418000,0 days 00:00:52.377000,0 days 00:00:29.557000,4,False,HARD,25.0
COL,43,48.0,0 days 00:02:22.491000,11.0,0 days 00:00:58.083000,0 days 00:00:51.961000,0 days 00:00:32.447000,4,False,SOFT,1.0
SAI,55,48.0,0 days 00:02:00.574000,12.0,0 days 00:00:38.253000,0 days 00:00:50.975000,0 days 00:00:31.346000,4,False,HARD,28.0
PIA,81,48.0,0 days 00:02:28.893000,13.0,0 days 00:00:59.509000,0 days 00:00:50.367000,0 days 00:00:39.017000,4,False,SOFT,4.0
BEA,87,48.0,0 days 00:02:23.272000,14.0,0 days 00:00:58.881000,0 days 00:00:51.057000,0 days 00:00:33.334000,4,False,SOFT,4.0
OCO,31,48.0,0 days 00:02:25.596000,15.0,0 days 00:00:58.443000,0 days 00:00:50.356000,0 days 00:00:36.797000,4,False,SOFT,1.0
PER,11,48.0,0 days 00:02:00.247000,16.0,0 days 00:00:34.680000,0 days 00:00:51.131000,0 days 00:00:34.436000,4,False,SOFT,2.0
BOT,77,48.0,0 days 00:01:41.889000,17.0,0 days 00:00:31.263000,0 days 00:00:40.088000,0 days 00:00:30.538000,4,False,SOFT,2.0
ALO,14,48.0,NaT,18.0,0 days 00:00:39.031000,0 days 00:01:10.404000,0 days 00:00:48.418000,4,False,SOFT,2.0
STR,18,48.0,0 days 00:02:16.940000,19.0,0 days 00:00:32.283000,0 days 00:00:56.390000,0 days 00:00:48.267000,4,False,SOFT,2.0
