Driver,DriverNumber,LapNumber,Position,TimeSeconds,GapToLeaderSeconds
LEC,16,36.0,1.0,6754.255,0.0
ANT,12,36.0,2.0,6761.301,7.0460000000002765
VER,3,36.0,3.0,6772.144,17.889000000000124
HAM,44,36.0,4.0,6772.902,18.646999999999935
NOR,1,36.0,5.0,6783.744,29.488999999999578
RUS,63,36.0,6.0,6790.394,36.139000000000124
HAD,6,36.0,7.0,6792.477,38.22199999999975
LAW,30,36.0,8.0,6812.033,57.77800000000025
LIN,41,36.0,9.0,6813.254,58.998999999999796
BOR,5,36.0,10.0,6816.787,62.53200000000015
COL,43,36.0,11.0,6831.745,77.48999999999978
GAS,10,36.0,12.0,6835.033,80.77800000000025
PIA,81,36.0,13.0,6846.675,92.42000000000007
SAI,55,36.0,14.0,6849.637,95.3819999999996
HUL,27,36.0,15.0,6859.23,104.97499999999945
BEA,87,36.0,16.0,6862.801,108.54600000000028
OCO,31,36.0,17.0,6863.819,109.5640000000003
PER,11,36.0,18.0,6872.814,118.5590000000002
BOT,77,36.0,19.0,6899.419,145.16399999999976
ALO,14,36.0,20.0,6931.876,177.6210000000001
STR,18,36.0,21.0,6935.94,181.6849999999995
ALB,23,36.0,22.0,7033.891,279.6359999999995
LEC,16,37.0,1.0,6847.704,0.0
ANT,12,37.0,2.0,6853.078,5.374000000000706
VER,3,37.0,3.0,6866.416,18.712000000000444
HAM,44,37.0,4.0,6866.64,18.936000000000604
NOR,1,37.0,5.0,6877.657,29.95300000000043
RUS,63,37.0,6.0,6882.892,35.1880000000001
HAD,6,37.0,7.0,6886.801,39.09700000000066
LAW,30,37.0,8.0,6905.976,58.271999999999935
LIN,41,37.0,9.0,6907.501,59.79700000000048
BOR,5,37.0,10.0,6911.294,63.590000000000146
COL,43,37.0,11.0,6926.504,78.80000000000018
GAS,10,37.0,12.0,6929.894,82.19000000000051
SAI,55,37.0,13.0,6946.538,98.83399999999983
BEA,87,37.0,14.0,6962.687,114.98300000000017
OCO,31,37.0,15.0,6964.529,116.82500000000073
PIA,81,37.0,16.0,6968.08,120.3760000000002
PER,11,37.0,17.0,6976.304,128.60000000000036
BOT,77,37.0,18.0,7010.938,163.23400000000038
ALO,14,37.0,19.0,7050.881,203.1770000000006
STR,18,37.0,20.0,7055.506,207.8020000000006
ALB,23,37.0,21.0,7132.02,284.3160000000007
HUL,27,37.0,,7009.23,161.52599999999984
LEC,16,38.0,1.0,6941.013,0.0
ANT,12,38.0,2.0,6945.227,4.213999999999942
VER,3,38.0,3.0,6961.132,20.118999999999687
HAM,44,38.0,4.0,6965.934,24.921000000000276
NOR,1,38.0,5.0,6977.007,35.99399999999969
RUS,63,38.0,6.0,6987.056,46.042999999999665
HAD,6,38.0,7.0,6989.255,48.24200000000019
LAW,30,38.0,8.0,7017.866,76.85300000000007
LIN,41,38.0,9.0,7021.028,80.01500000000033
BOR,5,38.0,10.0,7025.304,84.29100000000017
COL,43,38.0,11.0,7043.853,102.84000000000015
GAS,10,38.0,12.0,7047.781,106.76800000000003
SAI,55,38.0,13.0,7065.931,124.91799999999967
BEA,87,38.0,14.0,7075.696,134.683
OCO,31,38.0,15.0,7078.289,137.27599999999984
PIA,81,38.0,16.0,7079.242,138.22900000000027
PER,11,38.0,17.0,7086.918,145.90499999999975
BOT,77,38.0,18.0,7117.209,176.1959999999999
ALO,14,38.0,19.0,7148.211,207.19800000000032
STR,18,38.0,20.0,7152.792,211.77900000000045
ALB,23,38.0,21.0,7226.189,285.1760000000004
LEC,16,39.0,1.0,7057.746,0.0
ANT,12,39.0,2.0,7062.598,4.851999999999862
HAM,44,39.0,3.0,7077.528,19.782000000000153
VER,3,39.0,4.0,7088.13,30.384000000000015
RUS,63,39.0,5.0,7092.552,34.805999999999585
NOR,1,39.0,6.0,7099.909,42.162999999999556
HAD,6,39.0,7.0,7112.45,54.70399999999972
LAW,30,39.0,8.0,7116.18,58.4340000000002
LIN,41,39.0,9.0,7118.243,60.4970000000003
BOR,5,39.0,10.0,7123.134,65.38799999999992
COL,43,39.0,11.0,7138.462,80.71600000000035
GAS,10,39.0,12.0,7142.303,84.55699999999979
SAI,55,39.0,13.0,7161.191,103.44499999999971
BEA,87,39.0,14.0,7172.127,114.38100000000031
PIA,81,39.0,15.0,7172.411,114.66499999999996
OCO,31,39.0,16.0,7173.682,115.9359999999997
PER,11,39.0,17.0,7183.716,125.97000000000025
BOT,77,39.0,18.0,7214.86,157.11399999999958
ALO,14,39.0,19.0,7246.91,189.16399999999976
STR,18,39.0,20.0,7251.056,193.3099999999995
ALB,23,39.0,21.0,7320.751,263.0050000000001
LEC,16,40.0,1.0,7150.847,0.0
ANT,12,40.0,2.0,7154.502,3.655000000000655
HAM,44,40.0,3.0,7171.27,20.423000000000684
VER,3,40.0,4.0,7180.231,29.384000000000015
RUS,63,40.0,5.0,7185.135,34.288000000000466
NOR,1,40.0,6.0,7192.668,41.82099999999991
HAD,6,40.0,7.0,7204.718,53.871000000000095
LAW,30,40.0,8.0,7210.092,59.24499999999989
LIN,41,40.0,9.0,7212.379,61.53200000000015
BOR,5,40.0,10.0,7217.546,66.69900000000052
COL,43,40.0,11.0,7233.227,82.38000000000011
GAS,10,40.0,12.0,7236.758,85.91100000000006
SAI,55,40.0,13.0,7256.733,105.88600000000042
PIA,81,40.0,14.0,7265.946,115.09900000000016
BEA,87,40.0,15.0,7267.591,116.7440000000006
OCO,31,40.0,16.0,7269.168,118.32099999999991
PER,11,40.0,17.0,7281.012,130.16499999999996
BOT,77,40.0,18.0,7313.31,162.46300000000065
ALO,14,40.0,19.0,7344.453,193.60600000000068
STR,18,40.0,20.0,7348.416,197.56900000000041
ALB,23,40.0,21.0,7415.243,264.39600000000064
LEC,16,41.0,1.0,7243.74,0.0
ANT,12,41.0,2.0,7251.618,7.878000000000611
HAM,44,41.0,3.0,7264.691,20.951000000000022
VER,3,41.0,4.0,7273.166,29.426000000000386
RUS,63,41.0,5.0,7277.867,34.12700000000041
NOR,1,41.0,6.0,7285.69,41.94999999999982
HAD,6,41.0,7.0,7297.415,53.67500000000018
LAW,30,41.0,8.0,7304.338,60.597999999999956
LIN,41,41.0,9.0,7306.748,63.00799999999981
BOR,5,41.0,10.0,7312.194,68.45400000000063
COL,43,41.0,11.0,7327.945,84.20499999999993
GAS,10,41.0,12.0,7331.07,87.32999999999993
SAI,55,41.0,13.0,7352.286,108.54600000000028
PIA,81,41.0,14.0,7359.091,115.35100000000057
BEA,87,41.0,15.0,7362.754,119.01400000000012
OCO,31,41.0,16.0,7364.295,120.55500000000029
PER,11,41.0,17.0,7376.725,132.98500000000058
BOT,77,41.0,18.0,7409.451,165.71100000000024
ALO,14,41.0,19.0,7441.148,197.40800000000036
STR,18,41.0,20.0,7445.648,201.90800000000036
ALB,23,41.0,21.0,7535.062,291.3220000000001
LEC,16,42.0,1.0,7337.162,0.0
HAM,44,42.0,2.0,7358.028,20.865999999999985
VER,3,42.0,3.0,7365.71,28.547999999999774
RUS,63,42.0,4.0,7370.553,33.39099999999962
NOR,1,42.0,5.0,7378.992,41.82999999999993
ANT,12,42.0,6.0,7389.4,52.237999999999374
HAD,6,42.0,7.0,7390.334,53.17199999999957
LAW,30,42.0,8.0,7398.142,60.97999999999956
LIN,41,42.0,9.0,7400.858,63.69599999999991
BOR,5,42.0,10.0,7406.646,69.48399999999947
COL,43,42.0,11.0,7422.569,85.40700000000015
GAS,10,42.0,12.0,7425.373,88.21099999999933
SAI,55,42.0,13.0,7447.371,110.20899999999983
PIA,81,42.0,14.0,7452.008,114.84599999999955
BEA,87,42.0,15.0,7457.743,120.58100000000013
OCO,31,42.0,16.0,7460.188,123.02599999999984
PER,11,42.0,17.0,7475.006,137.84400000000005
BOT,77,42.0,18.0,7505.738,168.57600000000002
ALO,14,42.0,19.0,7538.25,201.08799999999974
STR,18,42.0,20.0,7545.86,208.6979999999994
ALB,23,42.0,21.0,7628.929,291.7669999999998
LEC,16,43.0,1.0,7430.033,0.0
HAM,44,43.0,2.0,7451.057,21.023999999999432
VER,3,43.0,3.0,7458.331,28.297999999999774
RUS,63,43.0,4.0,7463.308,33.274999999999636
NOR,1,43.0,5.0,7472.159,42.125999999999294
HAD,6,43.0,6.0,7483.229,53.19599999999991
ANT,12,43.0,7.0,7489.272,59.23899999999958
LAW,30,43.0,8.0,7492.168,62.13499999999931
LIN,41,43.0,9.0,7495.434,65.40099999999984
BOR,5,43.0,10.0,7501.304,71.27099999999973
COL,43,43.0,11.0,7517.354,87.32099999999991
GAS,10,43.0,12.0,7519.76,89.72699999999986
SAI,55,43.0,13.0,7543.037,113.0039999999999
PIA,81,43.0,14.0,7545.077,115.04399999999987
BEA,87,43.0,15.0,7553.619,123.58599999999933
OCO,31,43.0,16.0,7554.98,124.9469999999992
PER,11,43.0,17.0,7570.563,140.52999999999975
BOT,77,43.0,18.0,7601.899,171.86599999999999
ALO,14,43.0,19.0,7635.51,205.47699999999986
STR,18,43.0,20.0,7643.37,213.33699999999953
ALB,23,43.0,21.0,7727.618,297.58500000000004
LEC,16,44.0,1.0,7523.123,0.0
HAM,44,44.0,2.0,7544.099,20.976000000000568
VER,3,44.0,3.0,7550.721,27.597999999999956
RUS,63,44.0,4.0,7555.799,32.676000000000386
NOR,1,44.0,5.0,7564.934,41.811000000000604
HAD,6,44.0,6.0,7575.922,52.79899999999998
LAW,30,44.0,7.0,7585.873,62.75
LIN,41,44.0,8.0,7589.761,66.63800000000083
BOR,5,44.0,9.0,7595.706,72.58300000000054
ANT,12,44.0,10.0,7610.588,87.46500000000015
COL,43,44.0,11.0,7611.786,88.66300000000047
GAS,10,44.0,12.0,7613.939,90.81600000000071
PIA,81,44.0,13.0,7639.364,116.24099999999999
SAI,55,44.0,14.0,7640.025,116.90200000000004
BEA,87,44.0,15.0,7649.613,126.49000000000069
OCO,31,44.0,16.0,7650.905,127.78200000000015
PER,11,44.0,17.0,7666.083,142.96000000000004
BOT,77,44.0,18.0,7698.911,175.78800000000047
ALO,14,44.0,19.0,7734.901,211.77800000000025
STR,18,44.0,20.0,7741.073,217.95000000000073
LEC,16,45.0,1.0,7616.013,0.0
HAM,44,45.0,2.0,7636.882,20.868999999999687
VER,3,45.0,3.0,7643.594,27.58100000000013
RUS,63,45.0,4.0,7648.941,32.927999999999884
NOR,1,45.0,5.0,7657.559,41.54600000000028
HAD,6,45.0,6.0,7668.403,52.39000000000033
LAW,30,45.0,7.0,7679.521,63.50799999999981
LIN,41,45.0,8.0,7683.8,67.78700000000026
BOR,5,45.0,9.0,7689.945,73.93199999999979
ANT,12,45.0,10.0,7704.4,88.38699999999972
COL,43,45.0,11.0,7706.351,90.33799999999974
GAS,10,45.0,12.0,7708.449,92.4359999999997
PIA,81,45.0,13.0,7732.769,116.75600000000031
SAI,55,45.0,14.0,7735.625,119.61200000000008
BEA,87,45.0,15.0,7744.529,128.51600000000053
OCO,31,45.0,16.0,7745.801,129.78800000000047
PER,11,45.0,17.0,7762.955,146.942
BOT,77,45.0,18.0,7795.472,179.45899999999983
ALO,14,45.0,19.0,7834.278,218.26500000000033
STR,18,45.0,20.0,7843.005,226.9920000000002
LEC,16,46.0,1.0,7709.398,0.0
HAM,44,46.0,2.0,7729.855,20.456999999999425
VER,3,46.0,3.0,7736.501,27.103000000000065
RUS,63,46.0,4.0,7741.927,32.52899999999954
NOR,1,46.0,5.0,7750.587,41.189000000000306
HAD,6,46.0,6.0,7761.475,52.077000000000226
LAW,30,46.0,7.0,7773.439,64.04100000000017
LIN,41,46.0,8.0,7778.057,68.65899999999965
BOR,5,46.0,9.0,7784.483,75.08500000000004
ANT,12,46.0,10.0,7797.903,88.50500000000011
COL,43,46.0,11.0,7801.221,91.82299999999941
GAS,10,46.0,12.0,7804.427,95.02899999999954
PIA,81,46.0,13.0,7825.801,116.40300000000025
SAI,55,46.0,14.0,7832.329,122.93099999999959
BEA,87,46.0,15.0,7845.279,135.8810000000003
OCO,31,46.0,16.0,7847.622,138.22400000000016
PER,11,46.0,17.0,7864.101,154.70299999999952
BOT,77,46.0,18.0,7908.55,199.15200000000004
ALO,14,46.0,19.0,7959.054,249.65599999999995
STR,18,46.0,20.0,7966.019,256.6210000000001
LEC,16,47.0,1.0,7802.673,0.0
HAM,44,47.0,2.0,7822.915,20.24200000000019
RUS,63,47.0,3.0,7835.185,32.512000000000626
NOR,1,47.0,4.0,7849.421,46.7480000000005
HAD,6,47.0,5.0,7858.547,55.873999999999796
LAW,30,47.0,6.0,7879.877,77.20400000000063
LIN,41,47.0,7.0,7882.822,80.14900000000034
BOR,5,47.0,8.0,7890.529,87.85600000000068
ANT,12,47.0,9.0,7910.725,108.05200000000059
COL,43,47.0,10.0,7913.331,110.65800000000036
GAS,10,47.0,11.0,7921.332,118.65900000000056
PIA,81,47.0,12.0,7946.15,143.47699999999986
SAI,55,47.0,13.0,7960.533,157.86000000000058
BEA,87,47.0,14.0,7967.543,164.8699999999999
OCO,31,47.0,15.0,7973.625,170.95200000000023
PER,11,47.0,16.0,8008.995,206.32200000000012
BOT,77,47.0,17.0,8053.228,250.5550000000003
ALO,14,47.0,18.0,8102.086,299.41300000000047
STR,18,47.0,19.0,8126.499,323.826
VER,3,47.0,,7886.501,83.82800000000043
LEC,16,48.0,1.0,7917.283,0.0
HAM,44,48.0,2.0,7944.67,27.386999999999716
RUS,63,48.0,3.0,7962.024,44.740999999999985
NOR,1,48.0,4.0,7974.026,56.74299999999948
HAD,6,48.0,5.0,8003.322,86.03899999999976
LAW,30,48.0,6.0,8019.196,101.91299999999956
LIN,41,48.0,7.0,8028.473,111.1899999999996
BOR,5,48.0,8.0,8033.493,116.21000000000004
ANT,12,48.0,9.0,8035.799,118.51599999999962
GAS,10,48.0,10.0,8043.684,126.40099999999984
COL,43,48.0,11.0,8055.822,138.53899999999976
SAI,55,48.0,12.0,8081.107,163.82399999999961
PIA,81,48.0,13.0,8095.043,177.7599999999993
BEA,87,48.0,14.0,8110.815,193.53199999999924
OCO,31,48.0,15.0,8119.221,201.9379999999992
PER,11,48.0,16.0,8129.242,211.95899999999983
BOT,77,48.0,17.0,8155.117,237.83399999999983
ALO,14,48.0,18.0,8259.933,342.65000000000055
STR,18,48.0,19.0,8263.439,346.15599999999995
