X,Y,TimeSeconds
-1750.0,1217.0,0.03
-1646.0,1354.0,0.27
-1541.0,1486.0,0.51
-1444.0,1608.0,0.71
-1280.0,1825.0,0.95
-1190.0,1949.0,1.27
-1089.0,2088.0,1.49
-1006.0,2202.0,1.67
-927.0,2310.0,1.85
-745.0,2561.0,2.191
-619.0,2737.0,2.511
-546.0,2843.0,2.671
-420.0,3030.0,2.951
-263.0,3267.0,3.191
-190.0,3375.0,3.451
16.0,3664.0,3.751
241.0,3945.0,4.211
343.0,4058.0,4.531
610.0,4292.0,4.851
861.0,4424.0,5.231
1069.0,4485.0,5.631
1261.0,4512.0,5.891
1545.0,4519.0,6.111
1636.0,4515.0,6.371
1794.0,4502.0,6.591
1944.0,4482.0,6.79
2580.0,4442.0,7.63
2891.0,4488.0,7.93
3159.0,4580.0,8.31
3310.0,4658.0,8.67
3417.0,4726.0,8.851
3560.0,4833.0,9.091
3684.0,4941.0,9.311
3780.0,5034.0,9.491
3980.0,5235.0,9.871
4121.0,5372.0,10.091
4208.0,5453.0,10.311
4370.0,5597.0,10.651
4453.0,5666.0,10.851
4531.0,5730.0,11.051
4592.0,5779.0,11.211
4651.0,5821.0,11.371
4745.0,5870.0,11.631
4874.0,5900.0,11.871
5000.0,5894.0,12.211
5089.0,5868.0,12.651
5196.0,5803.0,12.911
5262.0,5738.0,13.37
5309.0,5666.0,13.57
5351.0,5555.0,13.97
5366.0,5493.0,14.23
5386.0,5352.0,14.59
5393.0,5266.0,14.89
5412.0,5127.0,15.17
5433.0,5048.0,15.491
5467.0,4970.0,15.751
5502.0,4914.0,15.971
5538.0,4869.0,16.171
5600.0,4809.0,16.411
5648.0,4774.0,16.731
5697.0,4747.0,16.971
5752.0,4732.0,17.231
5795.0,4731.0,17.451
5857.0,4751.0,17.671
5932.0,4804.0,18.031
6012.0,4888.0,18.511
6028.0,4908.0,18.731
6091.0,5001.0,19.071
6130.0,5071.0,19.411
6174.0,5167.0,19.731
6181.0,5186.0,19.791
6205.0,5250.0,19.99
6235.0,5343.0,20.23
6258.0,5423.0,20.43
6276.0,5496.0,20.61
6301.0,5611.0,20.85
6330.0,5836.0,21.19
6332.0,5951.0,21.45
6316.0,6146.0,21.79
6281.0,6323.0,21.971
6204.0,6538.0,22.391
6089.0,6751.0,22.731
5911.0,6986.0,23.191
5797.0,7101.0,23.491
5610.0,7260.0,23.831
5540.0,7315.0,23.951
5409.0,7415.0,24.171
5229.0,7555.0,24.331
5097.0,7663.0,24.691
4960.0,7777.0,24.931
4793.0,7919.0,25.211
4591.0,8093.0,25.491
4473.0,8194.0,25.731
4260.0,8376.0,26.071
4050.0,8556.0,26.331
3948.0,8644.0,26.57
3756.0,8811.0,26.87
3679.0,8879.0,26.99
3492.0,9043.0,27.27
3363.0,9157.0,27.47
3252.0,9254.0,27.65
3122.0,9368.0,27.85
2874.0,9585.0,28.19
2584.0,9836.0,28.551
2398.0,10000.0,28.951
2156.0,10216.0,29.171
1926.0,10422.0,29.551
1669.0,10639.0,29.911
1471.0,10778.0,30.371
1331.0,10854.0,30.611
1206.0,10902.0,30.831
1120.0,10928.0,30.991
1027.0,10944.0,31.171
829.0,10948.0,31.451
764.0,10944.0,31.691
636.0,10916.0,31.991
544.0,10878.0,32.211
437.0,10810.0,32.431
341.0,10701.0,32.871
303.0,10639.0,33.031
268.0,10570.0,33.21
213.0,10418.0,33.51
196.0,10297.0,33.89
189.0,10179.0,34.15
182.0,10043.0,34.43
170.0,9916.0,34.71
24.0,9608.0,35.711
-26.0,9561.0,35.911
-88.0,9516.0,36.131
-161.0,9477.0,36.391
-211.0,9458.0,36.571
-266.0,9446.0,36.751
-326.0,9441.0,36.951
-438.0,9461.0,37.211
-534.0,9513.0,37.691
-580.0,9551.0,37.931
-642.0,9620.0,38.231
-688.0,9693.0,38.511
-713.0,9744.0,38.671
-736.0,9801.0,38.851
-765.0,9917.0,39.111
-776.0,10024.0,39.471
-774.0,10114.0,39.69
-771.0,10161.0,39.79
-758.0,10266.0,40.03
-726.0,10411.0,40.35
-674.0,10572.0,40.55
-622.0,10701.0,40.93
-538.0,10880.0,41.15
-461.0,11027.0,41.57
-390.0,11157.0,41.811
-353.0,11223.0,41.931
-292.0,11321.0,42.111
-234.0,11408.0,42.271
-119.0,11565.0,42.551
-32.0,11672.0,42.751
93.0,11811.0,43.031
178.0,11897.0,43.191
304.0,12016.0,43.431
437.0,12130.0,43.671
542.0,12211.0,43.851
701.0,12322.0,44.111
810.0,12386.0,44.291
982.0,12471.0,44.511
1123.0,12531.0,44.731
1417.0,12632.0,45.131
1529.0,12664.0,45.291
1674.0,12700.0,45.471
1888.0,12743.0,45.751
2040.0,12767.0,45.931
2247.0,12794.0,46.111
2594.0,12831.0,46.57
2776.0,12850.0,46.87
3069.0,12879.0,47.15
3292.0,12903.0,47.51
3476.0,12923.0,47.75
3596.0,12937.0,47.89
3772.0,12956.0,48.11
3901.0,12971.0,48.271
4215.0,13009.0,48.631
4441.0,13039.0,48.951
4690.0,13072.0,49.251
4890.0,13094.0,49.431
5074.0,13110.0,49.731
5354.0,13108.0,49.991
5567.0,13069.0,50.411
5727.0,13019.0,50.631
5837.0,12970.0,50.791
5963.0,12900.0,50.991
6116.0,12789.0,51.231
6308.0,12601.0,51.491
6418.0,12438.0,51.851
6499.0,12281.0,52.091
6573.0,12103.0,52.331
6653.0,11861.0,52.551
6708.0,11660.0,52.93
6727.0,11584.0,53.03
6781.0,11356.0,53.33
6837.0,11084.0,53.55
6872.0,10872.0,53.87
6893.0,10730.0,54.05
6920.0,10509.0,54.33
6937.0,10350.0,54.53
6963.0,10031.0,54.851
6972.0,9878.0,55.131
6977.0,9733.0,55.311
6983.0,9436.0,55.671
6987.0,9308.0,55.831
6995.0,9118.0,56.071
7010.0,8902.0,56.231
7058.0,8573.0,56.691
7083.0,8449.0,56.951
7152.0,8175.0,57.311
7197.0,8025.0,57.511
7263.0,7833.0,57.671
7331.0,7659.0,58.011
7434.0,7398.0,58.311
7481.0,7260.0,58.571
7526.0,7066.0,58.871
7530.0,6761.0,59.131
7485.0,6505.0,59.55
7423.0,6251.0,59.97
7376.0,6057.0,60.19
7335.0,5841.0,60.53
7317.0,5655.0,60.79
7321.0,5510.0,61.01
7323.0,5483.0,61.05
7381.0,5252.0,61.391
7464.0,5073.0,61.591
7539.0,4945.0,61.911
7607.0,4833.0,62.111
7709.0,4643.0,62.391
7775.0,4439.0,62.851
7788.0,4250.0,63.251
7737.0,4007.0,63.731
7700.0,3913.0,63.911
7641.0,3797.0,64.151
7562.0,3679.0,64.411
7440.0,3548.0,64.591
7274.0,3432.0,65.071
7242.0,3414.0,65.131
7086.0,3332.0,65.411
6903.0,3226.0,65.691
6765.0,3113.0,66.011
6608.0,2954.0,66.29
6451.0,2772.0,66.67
6347.0,2630.0,66.85
6237.0,2454.0,67.13
6147.0,2294.0,67.33
5988.0,1980.0,67.69
5847.0,1690.0,68.151
5770.0,1531.0,68.471
5714.0,1415.0,68.631
5584.0,1142.0,68.991
5525.0,1019.0,69.171
5356.0,665.0,69.651
5224.0,392.0,70.011
5146.0,231.0,70.111
5031.0,-6.0,70.531
4964.0,-146.0,70.711
4870.0,-340.0,70.971
4743.0,-605.0,71.251
4631.0,-837.0,71.591
4518.0,-1071.0,71.891
4442.0,-1226.0,72.091
4359.0,-1396.0,72.171
4187.0,-1743.0,72.691
4102.0,-1912.0,72.97
3919.0,-2271.0,73.29
3836.0,-2430.0,73.63
3763.0,-2569.0,73.83
3704.0,-2681.0,73.99
3615.0,-2846.0,74.21
3494.0,-3063.0,74.491
3360.0,-3291.0,74.731
3222.0,-3498.0,75.111
3175.0,-3563.0,75.211
3048.0,-3716.0,75.471
2834.0,-3911.0,75.751
2687.0,-4001.0,76.151
2588.0,-4046.0,76.311
2472.0,-4086.0,76.531
2236.0,-4117.0,76.811
2113.0,-4107.0,77.151
1994.0,-4082.0,77.351
1885.0,-4044.0,77.551
1730.0,-3965.0,77.751
1589.0,-3859.0,78.151
1503.0,-3777.0,78.351
1365.0,-3610.0,78.651
1281.0,-3483.0,78.971
1179.0,-3298.0,79.271
1118.0,-3181.0,79.51
1020.0,-3005.0,79.83
954.0,-2896.0,80.03
890.0,-2800.0,80.21
834.0,-2720.0,80.37
769.0,-2631.0,80.53
612.0,-2419.0,80.83
474.0,-2232.0,81.291
344.0,-2059.0,81.531
294.0,-1995.0,81.771
206.0,-1884.0,81.971
81.0,-1733.0,82.271
-46.0,-1587.0,82.551
-156.0,-1464.0,82.711
-242.0,-1367.0,82.911
-334.0,-1263.0,83.131
-394.0,-1196.0,83.291
-505.0,-1081.0,83.531
-567.0,-1029.0,83.831
-643.0,-979.0,84.071
-762.0,-928.0,84.391
-834.0,-915.0,84.691
-908.0,-912.0,84.931
-976.0,-919.0,85.191
-1045.0,-940.0,85.451
-1116.0,-978.0,85.651
-1160.0,-1010.0,85.95
-1207.0,-1046.0,86.15
-1300.0,-1114.0,86.45
-1422.0,-1166.0,86.87
-1487.0,-1173.0,87.15
-1578.0,-1161.0,87.43
-1685.0,-1127.0,87.651
-1764.0,-1091.0,88.031
-1818.0,-1059.0,88.211
-1858.0,-1030.0,88.391
-1947.0,-945.0,88.711
-2050.0,-819.0,88.971
-2136.0,-700.0,89.371
-2178.0,-623.0,89.651
-2231.0,-501.0,89.911
-2273.0,-364.0,90.191
-2287.0,-302.0,90.311
-2312.0,-93.0,90.591
-2313.0,52.0,90.951
-2291.0,234.0,91.251
-2257.0,379.0,91.431
-2110.0,706.0,91.831
-2043.0,813.0,92.171
-1915.0,992.0,92.451
