X,Y,Number,Letter,Angle,Distance,Name
1192.50830078125,4503.826171875,1,,98.4899241531774,463.1017292148674,Abbey
2770.315185546875,4462.89208984375,2,,-78.03462987143243,588.7371233559768,Farm Curve
4845.322265625,5895.13037109375,3,,98.2555451956151,863.309109833931,Village
5802.7041015625,4733.5244140625,4,,-75.86392528573197,1034.7244416862923,The Loop
6232.291015625,6458.9794921875,5,,19.10473024407218,1223.231254585799,Aintree
631.385986328125,10910.232421875,6,,108.3056633014727,1955.6035326864535,Brooklands
-566.2516479492188,9540.3837890625,7,,-130.008186597324,2175.925184253182,Luffield
761.3385620117188,12361.55859375,8,,122.63389803912163,2534.783739906662,Woodcote
5893.8935546875,12947.2099609375,9,,59.40549721836916,3030.062187517681,Copse
7295.830078125,7780.4658203125,10,,-159.3327248044901,3589.4779498702674,Maggotts
7534.9931640625,6906.171875,11,,-0.7521081230510966,3691.586207874528,Becketts
7336.6962890625,5474.73486328125,12,,6.130680887505708,3837.729199448462,Chapel
7776.478515625,4163.52197265625,13,,-11.177492704699338,3979.566918713326,Chapel (2)
6806.81005859375,3146.68896484375,14,,131.62596056517813,4123.1548827210845,Hangar Straight kink
2398.9521484375,-4099.2412109375,15,,-81.47941394640335,4991.664670921932,Stowe
-620.4287109375,-993.7661743164062,16,,61.329159623640706,5430.749046607409,Vale
-1438.0526123046875,-1146.76318359375,17,,-79.86563689483886,5519.543513782626,Club Corner
-2309.334228515625,-105.71966552734375,18,,-178.56504718884855,5674.283013806102,Club
