DriverNumber,BroadcastName,Abbreviation,DriverId,TeamName,TeamColor,TeamId,FirstName,LastName,FullName,CountryCode,Position,ClassifiedPosition,GridPosition,Time,Status,Points,Laps
12,K ANTONELLI,ANT,antonelli,Mercedes,00D7B6,mercedes,Kimi,Antonelli,Kimi Antonelli,,1.0,1,,0 days 00:30:15.000,Finished,8.0,17.0
44,L HAMILTON,HAM,hamilton,Ferrari,ED1131,ferrari,Lewis,Hamilton,Lewis Hamilton,,2.0,2,,0 days 00:00:02.700,Finished,7.0,17.0
1,L NORRIS,NOR,norris,McLaren,F47600,mclaren,Lando,Norris,Lando Norris,,3.0,3,,0 days 00:00:09.600,Finished,6.0,17.0
63,G RUSSELL,RUS,russell,Mercedes,00D7B6,mercedes,George,Russell,George Russell,,4.0,4,,0 days 00:00:10.200,Finished,5.0,17.0
16,C LECLERC,LEC,leclerc,Ferrari,ED1131,ferrari,Charles,Leclerc,Charles Leclerc,,5.0,5,,0 days 00:00:12.200,Finished,4.0,17.0
3,M VERSTAPPEN,VER,max_verstappen,Red Bull Racing,4781D7,red_bull,Max,Verstappen,Max Verstappen,,6.0,6,,0 days 00:00:16.400,Finished,3.0,17.0
81,O PIASTRI,PIA,piastri,McLaren,F47600,mclaren,Oscar,Piastri,Oscar Piastri,,7.0,7,,0 days 00:00:16.900,Finished,2.0,17.0
30,L LAWSON,LAW,lawson,Racing Bulls,6C98FF,rb,Liam,Lawson,Liam Lawson,,8.0,8,,0 days 00:00:29.700,Finished,1.0,17.0
6,I HADJAR,HAD,hadjar,Red Bull Racing,4781D7,red_bull,Isack,Hadjar,Isack Hadjar,,9.0,9,,0 days 00:00:30.400,Finished,0.0,17.0
41,A LINDBLAD,LIN,arvid_lindblad,Racing Bulls,6C98FF,rb,Arvid,Lindblad,Arvid Lindblad,,10.0,10,,0 days 00:00:34.000,Finished,0.0,17.0
10,P GASLY,GAS,gasly,Alpine,00A1E8,alpine,Pierre,Gasly,Pierre Gasly,,11.0,11,,0 days 00:00:39.000,Finished,0.0,17.0
43,F COLAPINTO,COL,colapinto,Alpine,00A1E8,alpine,Franco,Colapinto,Franco Colapinto,,12.0,12,,0 days 00:00:40.000,Finished,0.0,17.0
27,N HULKENBERG,HUL,hulkenberg,Audi,F50537,audi,Nico,Hulkenberg,Nico Hulkenberg,,13.0,13,,0 days 00:00:41.100,Finished,0.0,17.0
5,G BORTOLETO,BOR,bortoleto,Audi,F50537,audi,Gabriel,Bortoleto,Gabriel Bortoleto,,14.0,14,,0 days 00:00:41.700,Finished,0.0,17.0
87,O BEARMAN,BEA,bearman,Haas F1 Team,9C9FA2,haas,Oliver,Bearman,Oliver Bearman,,15.0,15,,0 days 00:00:44.700,Finished,0.0,17.0
31,E OCON,OCO,ocon,Haas F1 Team,9C9FA2,haas,Esteban,Ocon,Esteban Ocon,,16.0,16,,0 days 00:00:47.900,Finished,0.0,17.0
55,C SAINZ,SAI,sainz,Williams,1868DB,williams,Carlos,Sainz,Carlos Sainz,,17.0,17,,0 days 00:00:48.700,Finished,0.0,17.0
23,A ALBON,ALB,albon,Williams,1868DB,williams,Alexander,Albon,Alexander Albon,,18.0,18,,0 days 00:00:49.300,Finished,0.0,17.0
77,V BOTTAS,BOT,bottas,Cadillac,909090,cadillac,Valtteri,Bottas,Valtteri Bottas,,19.0,19,,0 days 00:01:11.900,Finished,0.0,17.0
14,F ALONSO,ALO,alonso,Aston Martin,229971,aston_martin,Fernando,Alonso,Fernando Alonso,,20.0,20,,0 days 00:01:25.800,Finished,0.0,17.0
18,L STROLL,STR,stroll,Aston Martin,229971,aston_martin,Lance,Stroll,Lance Stroll,,21.0,21,,NaT,Lapped,0.0,16.0
11,S PEREZ,PER,perez,Cadillac,909090,cadillac,Sergio,Perez,Sergio Perez,,22.0,22,,NaT,Lapped,0.0,16.0
